id,Questions,A,B,C ,D
1,CNN là kênh truyền hình của quốc gia nào?,Hoa Kỳ,Việt Nam,Thái Lan,Ý
2,BBC là kênh thông tấn xã của...?,Anh và Bắc Ireland,Hoa Kỳ,Úc,Áo
3,Cartoon Network là kênh truyền hình chuyên về chủ đề nào?,Hoạt hình,Phim ảnh,Tin tức,Khoa học
4,Disney Channel có logo là hình của?,Chuột Mickey,Doremon,Chú chó Scooby-Doo,Mr.Bean
5,Đâu là phim hoạt hình nổi bật trên Disney Channel?,Phineas và Ferb,Bảy viên ngọc rồng,Teen Titan,Doremon
6,MTV là kênh truyền hình thuộc sở hữu của quốc gia nào?,Hoa Kỳ,Anh,Bỉ,Hà Lan
7,Broadcast là những kênh truyền hình như thế nào?,Hướng tới mọi người,Hướng tới đối tượng là trẻ em,Hướng tới những người yêu âm nhạc,Dành cho người trưởng thành
8,Đâu là một series nổi tiếng chiếu trên HBO?,Game of Thrones,The Walking Dead,Breaking Bad,The Simpsons
9,Cha đẻ của series truyền hình Glee là?,FOX,Disney Channel,CBS,AMC
10,Master Chef là chương trình truyền hình thực tế về...?,Ẩm thực,Âm nhạc,Thời trang,Công nghệ
11,American Idol là chương trình về...?,Âm nhạc,Thời trang,Công nghệ,Phiêu lưu khám phá
12,Discovery Channel là kênh truyền hình về...?,Khoa học,Thời trang,Hoạt hình,Âm nhạc
13,Animal Planet là kênh truyền hình chuyên về...?,Động vật,Hoạt hình,Hài kịch,Phim ảnh
14,DW là kênh truyền hình của quốc gia nào?,Đức,Pháp,Hoa Kỳ,Hà Lan
15,So You Think You Can Dance là chương trình thực tế về...?,Khiêu vũ,Điện ảnh,Thời trang,Động vật
16,Suicide Squad là bộ phim được công chiếu vào năm?,2016,2015,2014,2013
17,Đâu là bộ phim có tổng doanh thu toàn cầu cao nhất mọi thời đại?,Avatar,Titanic,Iron Man 3,Jurassic World
18,The Apprentice là chương trình truyền hình do ai sáng lập?,Mark Burnett,Donald Trump,Arnold Schwarzenegger,Bill Gates
19,Đâu là tiểu bang duy nhất của Hoa Kỳ có nước xung quanh?,Hawaii,Alaska,California,New Jersey
20,Đâu là tiểu bang duy nhất không thuộc châu lục nào của Hoa Kỳ?,Hawaii,Alaska,Ohio,Maine
21,"""Tiểu bang Aloha"" là biệt danh của tiểu bang nào của Hoa Kỳ?",Hawaii,Tây Virginia,Utah,Idaho
22,Diễn viên thủ vai nhân vật Iron Man?,Robert Downey Jr,Chris Evans,Sebastian Stan,Hugh Jackman
23,Bộ phim Warcraft được công chiếu vào năm nào?,2016,2015,2014,2013
24,Bộ phim Avengers: Age of Ultron được công chiếu vào năm nào?,2015,2013,2011,2009
25,Khẩu hiệu của Nike là?,Just Do It!,Do It Later!,Don't Do It!,Do Anything!
26,"Trong phim Big Hero 6, nhân vật Baymax là?",Một người máy,Một cậu bé,Một chú mèo,Một chú chó
27,Bộ phận nào là quan trọng nhất để xử lý đồ họa máy tính?,Card màn hình,RAM,Chuột,Bàn phím
28,Ferrari là thương hiệu nổi tiếng chuyên sản xuất...?,Xe hơi thể thao,Phần mềm,Điện thoại di động,Trò chơi điện tử
29,Gigabyte là đơn vị gì?,Lưu trữ thông tin,Độ dài,Cân nặng,Nhiệt độ
30,Bitcoin là gì?,Một loại tiền tệ kỹ thuật số,Trang web thương mại,Công cụ tìm kiếm,Mạng xã hội
31,Star Trek là dòng phim về thể loại?,Khoa học viễn tưởng,Tình cảm,Trinh thám,Hài kịch
32,Một tổng thống Mỹ được phục vụ tối đa bao nhiêu nhiệm kỳ?,2,3,4,5
33,Đâu là quốc gia đạt huy chương vàng Olympic 2016 môn bóng đá?,Brazil,Đức,Honduras,Nigeria
34,Ai là người đạt HCV Olympic 2016 tại nội dung chạy 200m nam?,Usain Bolt,Andre De Grasse,Christophe Lemaitre,Adam Gemili
35,Michael Phelps là VĐV có quốc tịch?,Hoa Kỳ,Trung Quốc,Anh,Pháp
36,VĐV nam đạt huy chương vàng Olympic 2016 môn cầu lông đơn?,Chen Long,Lee Chong Wei,Lâm Đan,Viktor Axelsen
37,NBA là hiệp hội của môn thể thao nào?,Bóng rổ,Bóng đá,Bóng chày,Bóng chuyền
38,Số người chơi mỗi đội của môn bóng chày?,9,10,11,12
39,Google Drive là gì?,Công cụ lưu trữ dữ liệu của Google,Công cụ tìm kiếm,Hệ điều hành của Google,Hệ thống bản đồ của Google
40,Đâu là một hãng không làm về game?,Toyota,Ubisoft,Activision,Valve
41,Nvidia là hãng chuyên sản xuất?,Công nghệ xử lý đồ họa,Đồ ăn nhanh,Quần áo thời trang,Xe hơi
42,Đâu là thành phố đông dân nhất nước Mỹ năm 2016?,New York,Texas,California,Washington
43,1 MB bằng bao nhiều KB?,1024,128,256,512
44,Nói đến Tesla là chúng ta nghĩ đến ngay công nghệ…?,Xe tự lái,Xe tải,Xe khách,Xe máy
45,Hội trợ trưng bày sản phẩm về công nghệ lớn nhất thế giới là?,CES,CEO,CEE,SEO
46,Microsoft mua lại thương hiệu Nokia vào năm nào?,2014,2000,2008,2009
47,Ai không phải là người sáng lập ra tập đoàn Apple?,Musk,Steve Job,Steve Wozniak,Mike Markkula
48,Trụ sở chính của tập đoàn Apple là ở nước nào?,Mỹ,Anh,Úc,Tây Ban Nha
49,Chữ Tech trong từ Hi-tech là viết tắt của từ…?,Technology,Technical,Tech,Technic
50,Trụ sở chính của tập đoàn ô tô Tesla ở đâu?,Mỹ,Anh,Canada,Pháp
51,Tập đoàn đa quốc gia Samsung là của nước nào?,Hàn Quốc ,Nhật Bản,Mỹ ,Thái Lan
52,Trụ sở chính của Samsung ở Hàn Quốc đặt tại thành phố….?,Seoul ,Sejong,Seosan,Suwon
53,Code là thuật ngữ được sử dụng trong lĩnh vực?,Công nghệ thông tin,Văn hóa,Thể thao,Kinh tế
54,Trí tuệ nhân tạo được viết tắt là gì?,AI,AK,AC,AG
55,Trụ sở chính của Facebook là ở nước nào?,Mỹ,Anh,Úc,Pháp
56,iPhone SE được Apple cho ra đời vào năm nào?,2016,2015,2014,2010
57,Lexus là dòng xe hạng sang của hãng nào?,Toyota,Ford,Mercedes,Honda
58,Công nghệ bảo mật bằng vân tay được tích hợp trong dòng iPhone nào?,iPhone 5s,iPhone 4,iPhone 3s,iPhone 5
59,Dòng iPhone nào không được hỗ trợ công nghệ bảo mật vân tay?,iPhone 4s,Iphone 5,iPhone 5s,Cả A và B
60,Dòng chip Core i do hãng nào sản xuất?,Intel,IBM,Microsoft,Nvidia
61,Hãng nào là hãng sản xuất phần mềm?,Microsoft,IBM,Intel,Nvidia
62,Loài hoa nào lần đầu tiên được trồng ngoài vũ trụ?,Hoa cúc,Hoa hồng,Hoa lan,Hoa hướng dương
63,Màn hình 4K có độ phân giải là bao nhiêu?,4096x2190,3840x2160,1280x720,2048x1920
64,Đâu là một loại bàn phím?,QWERTY,QEWRTY,QTRYEW,WQTRY
65,Đâu là tên một loại ổ cứng?,HDD,HHD,DDH,HHH
66,Sợi cáp quang có cấu trúc hình gì?,Hình trụ,Hình tam giác,Hình vuông,Hình chữ nhật
67,Tàu vũ trụ có tốc độ lên tới…?,Nghìn km/h,Trăm km/h,Chục km/h,Triệu km/h
68,AND có dạng hình gì?,Xoắn ốc,Hình vuông,Tam giác,Tròn
69,Galaxy Note 7 ra được samsung cho ra đời vào năm nào?,2016,2013,2014,2015
70,"Tính đến năm 2016, OLED là công nghệ màn hỉnh hiển thị….?",Cao cấp,Bình thường,Kém,Cực kém
71,Smart Watch là loại đồng hồ gì?,Đồng hồ thông minh,Đồng hồ cơ,Đồng hồ giây cót,Đồng hồ quả lắc
72,Uber là tên của một hãng….?,Taxi,Điện thoại,Đồng hồ,Ô tô
73,Hệ thống định vị toàn cầu viết tắt là gì?,GPS,GPA,GPP,GSS
74,Thời gian phân hủy của túi Nilon mất khoảng bao lâu?,Vài năm,Vài nghìn năm,Vài trăm năm,Vài nghìn năm
75,400 đến 600 năm là thời gian phân hủy trung bình của…?,Túi Nilon,Xác động vật,Xác thực vật,Giấy
76,"Tính đến năm 2016, công nghệ truyền thông không giây nào là mới nhất?",4G,2G,3G,5G
77,Chiếc điện thoại nào nào không có phím home vật lý?,Oppo F1,iPhone 3S,Samsung Galaxy s7,iPhone 6s
78,Cổng sạc dùng trên iPhone 5s là kết nối…?,Lightning,MicroUSB,Không dây,Sạc tròn 3.5
79,Hệ điều hành Windows 10 ra đời năm nào?,2015,2013,2014,2016
80,Bộ nhớ truy cập ngẫu nhiên trên máy tính viết tắt là gì?,RAM,RAA,RMM,RRM
81,Macbook là dòng máy tính của hãng nào?,Apple,IBM,Sony,Samsung
82,Huawei là hãng điện thoại của nước nào?,Trung Quốc,Hàn Quốc ,Nhật Bản,Mỹ
83,Hệ điều hành Windows không được sử dụng ở máy tính nào?,MacBook,Hp,Dell,Sony
84,Công nghệ nào được coi như là công nghệ 4G?,LTE,LTT,LEE,ETE
85,Cơ quan Hàng không và Vũ trụ Hoa Kỳ viết tắt là…?,NASA,NATO,WHO,WTO
86,Friendship 7 là tàu không gian có người lái đầu tiên của…?,Hoa Kỳ,Úc,Nga,Anh
87,iMac của Apple là thiết bị…?,Máy tính bàn,Laptop,Máy tính bảng,Điện thoại
88,Yahoo Messenger chính thức bị khai tử vào năm nào?,2016,2013,2014,2015
89,Yahoo Messenger được ra mắt đầu tiên vào năm…?,1998,2000,2002,2004
90,Thực hiện thành công công nghệ ghép gan đầu tiên trên thế giới cho người HIV ở?,Mỹ,Nhật Bản,Việt Nam,Hàn Quốc
91,Tính năng điều khiển bằng giọng nói trên iPhone là?,Siri,Siru,Sira,Sisi
92,Hệ điều hành iOS là của hãng nào?,Apple,Samsung,Sony,Nokia
93,Kính thực tế ảo Gear VR là của hãng nào?,Samsung,Sony,Apple,Google
94,"Đâu không phải là phần mềm chát, nhắn tin, gọi điện?",Safari,Skype,Viber,Facebook Messenger
95,Trình duyệt web mặc định trên iPhone là…?,Safari,Chrome,Firefox,Opera
96,Nhà sáng lập Apple Steve Jobs mất năm nào?,2011,2012,2013,2014
97,Oppo là thương hiệu đến từ nước nào?,Trung Quốc,Hàn Quốc ,Nhật Bản,Thái Lan
98,Lollipop là Android thế hệ nào sau đây?,Android 5.0,Android 4.4,Android 1.6,Android 6.0
99,Kho ứng dụng của Apple là?,App Store,Opera Store,Amazon Store,Google Play
100,Hệ thống thông tin di động toàn cầu viết tắt là…?,GSM,GSS,GPS,GMM
101,Dịch vụ giữ liệu mạng dạng gói dành cho người dùng gọi là?,GPRS,GGPS,GGSS,GPS
102,Bách khoa toàn thư mở bằng nhiều loại ngôn ngữ trên Internet là?,Wikipedia,Wikimedia,Wikepedia,Wekepedia
103,Đâu là phần mền để nén và giải nén?,WinRAR,Windows,Skype,Safari
104,Đại lộ danh vọng Hollywood nằm ở nước nào?,Mỹ,Anh ,Pháp,Nga
105,James Cameroon là đạo diễn của bộ phim nào?,Avatar,Spider Man,Iron Man,Captain American
106,Buổi thử vai của các diễn viên gọi là?,Casting,Cat,Cassing,Cating
107,Giải Oscar dành cho lĩnh vực gì?,Điện ảnh,Kinh tế,Âm nhạc,Văn hóa
108,Tượng vàng Oscar có hình gì?,Hình người,Hình quả bóng,Hình tam giác,Hình vuông
109,Bộ phim Fast and Furious 7 khởi chiếu vào năm nào?,2014,2013,2015,2016
110,Giải thưởng điện ảnh của Viện Hàn lâm Khoa Học và Nghệ thuật Điện ảnh Hoa Kỳ là…?,Oscar,Quả cầu vàng,Quả bóng vàng,Cành cọ vàng
111,Đâu là tập đoàn giải trí và truyền thông đa phương tiện?,Disneyland,Alibaba,Amazon,Apple
112,20th Century Fox là tên của một….?,Hãng phim,Bộ phim,Bài hát,Kênh truyền hình
113,Giải thưởng uy tín nhất được trao ở Liên hoan phim Cannes là giải?,Cành cọ vàng,Mâm xôi vàng,Oscar,Quả cầu vàng
114,Giải Cành cọ vàng là giải thường dành cho…?,Phim xuất sắc nhất,Bài hát hay nhất,Diễn viễn xuất sắc,Đạo diễn xuất sắc
115,Trụ sở chính của Walt Disney là ở….?,Mỹ,Pháp,Anh,Tây Ban Nha
116,Deadpool là bộ phim được công chiếu vào năm nào?,2016,2013,2012,2014
117,Nam diễn viên chính trong Seri phim Nhiệm vụ bất khả thi là ai?,Tom Cruise,Paul Walker,Leonardo,Jason Staham
118,Ai là người Mỹ gốc Hoa và là ngôi sao võ thuật nổi tiếng điện ảnh Mỹ?,Lý Tiểu Long,Thành Long,Lý Liên Kiệt,Hồng Kim Bảo
119,Bollywood là tên đặt cho ngành công nghiệp sản xuất phim nổi tiếng tại đâu?,Ấn Độ,Mỹ,Nhật Bản,Hàn Quốc
120,Đâu không phải là tên một hãng phim?,BBC,NBC Universal,Fox Entertainment Group,Time Warner
121,Kinh đô điện ảnh Hollywood nằm ở bang nào nước Mỹ?,California ,Texas ,Washington,Florida
122, Charlie Chaplin là diễn viên nổi tiếng về thể loại phim gì?,Hài,Võ thuật,Tình cảm,Chiến tranh
123,Phim hoạt hình bom tấn của hãng Universal năm 2016 tên là gì?,Minion,Kungfu Panda 3,Ice Age,Big Hero 6
124,Công ty Marvel ở Mỹ nổi tiếng với các bộ phim nói về…?,Siêu anh hùng,Ca sĩ,Người mẫu,Chiến tranh
125,Công nghệ mô phỏng bằng máy tính trong làm phim viết tắt là…?,CGI,CCG,CII,ICG
126,Phim Titanic được công chiếu năm nào?,1997,2000,2009,2015
127,Đoạn phim quảng cáo cho một bộ phim gọi là?,Trailer,Review,Movie,Film
128,Cựu vận động viên quyền anh Mike Tyson còn là một….?,Diễn viên,Ca sĩ,Nhạc sĩ,Giáo sư
129,"Năm 2016, Mike Tyson đã góp mặt trong bộ phim nào sau đây?",Diệp Vấn 3,Deadpool,Ice Age,Captain American
130,Đâu không phải là một bộ phim hoạt hình?,Deadpool,Ice Age,KungFu Panda 3,Big Hero 6
131,KungFu Panda 3 thuộc thể loại phim gì?,Hoạt hình,Chiến tranh,Tình cảm,Hạnh động
132,Nam diễn viễn chính trong phim Người Vận Chuyển 2 là ai?,Jason Statham,Tom Cruise,Paul Walker,Leonardo
133,Đâu là một bộ phim tình cảm?,Titanic,Người sắt,Sát thủ,Kẻ hủy diệt
134,Bộ phim Cuốn theo chiều gió ra mắt năm bao nhiêu?,1939,1999,2000,2006
135,Bộ phim điện ảnh Mỹ nói về tiểu sử tổng thống Abraham Lincoln có tên?,Lincoln,White House Down,Olympus Has Fallen,Southside With You
136,Leonardo đạt giải Oscar năm 2016 với bộ phim nào?,The Revenant,Titanic,Deadpool,Batman and Superman
137,Bộ phim Jungle Book được khởi chiếu năm nào?,2016,2015,2014,2013
138,Jungle Book 2016 thuộc thể loại phim gì?,Phiêu lưu,Hành động,Hoạt hình,Kinh dị
139,Bộ phim Cậu bé rừng xanh do hãng nào sản xuất?,Walt Disney Picture,Warner Bros,Paramount Pictures,20th Century Fox
140,Bộ  phim đầu tiên có tiếng tên là gì?, The Jazz Singer ,Tatanic,Pinocchio,Gone with The Wind
141,Phim có tiếng đầu tiên ra đời vào năm bao nhiêu?,1927,1935,1940,1942
142,Kỷ nguyên kỹ thuật số và DVD với nền điện ảnh là vào những năm nào?,Thập niên 90,Thập niên 70,Thập niên 80,Thập niên 2000
143,Ai sau đây là một đạo diễn phim nổi tiếng?,James Cameron,Selen Gomez,Justin Bieber,Taylor Swift
144,Pixar là hãng phim nổi tiếng của nước nào?,Mỹ,Ấn Độ,Tây Ban Nha,Việt Nam
145,Diễn viên nào là người Trung Quốc?,Thành Long,Jason Statham,Paul Walker,Tom Cruise
146,Giải Grand Slam trong đầu tiên trong năm là giải nào?,Úc mở rộng,Wimbledon,Mỹ mở rộng,Pháp mở rộng
147,Có mấy giải Grand Slam?,4,5,6,7
148,Đâu không phải là một giải Grand Slam?,Châu Phi mở rộng,Úc mở rộng,Wimbledon,Pháp mở rộng
149,AFC Asian Cup 2011 được tổ chức ở đâu?,Qatar,Hàn Quốc,Nhật Bản,Việt Nam
150,Đội nào vô địch tại AFC Asian Cup 2011?,Nhật Bản ,Hàn Quốc,Uzbekistan,Australia
151,Sự kiện giờ trái đất được tổ chức đầu tiên vào năm 2007 ở thành phố nào?,Sydney,Tokyo,Bắc Kinh,Hà Nội
152,Vitamin nào có thể tổng hợp từ ánh sáng mặt trời?,Vitamin D,Vitamin B,Vitamin A,Vitamin C
153,Nước nào ở Đông Nam Á không có địa giới với bất kỳ nước nào?,Philippines,Malaysia,Lào,Thái Lan
154,Bệnh sởi lây lan chủ yếu qua đường nào?,Hô hấp,Tình dục,Ăn uống,Máu
155,The ASEAN Way là ca khúc chính của ASEAN do nhạc sĩ nước nào sáng tác?,Thái Lan,Việt Nam,Lào,Malaysia
156,Thung lũng công nghệ nổi tiếng Silicon được đặt theo tên của nguyên tố nào?,Silic,Sắt,Uran,Thiếc
157,Thung lũng công nghệ Silicon nằm ở nước nào?,Mỹ ,Anh,Pháp ,Nga
158,Tập hợp các số thực được ký hiệu bằng chữ cái nào?,R,N,Z,Q
159,Việt Nam đăng cai cuộc thi sắc đẹp nào năm 2010?,Hoa hậu Thế giới,Hoa hậu Trái đất,Hoa hậu Hoàn vũ,Hoa hậu Quốc tế
160,Khí nào chiếm 80 phần trăm thành phần không khí?,N2,O2,H2,Cl2
161,Loài hoa được biết đến như quốc hoa của Việt Nam?,Hoa sen,Hoa súng,Hoa hồng,Hoa huệ
162,Bộ phim The Social Network nói về mạng xã hội nào?,Facebook,Twitter,Opera,Yahoo
163,"Trong môn đua xe đạp, tay đua có tổng thời gian ngắn nhất sẽ nhận được áo gì?",Áo vàng,Áo xanh,Áo chấm đỏ,Áo trắng
164,Con số được coi là xui xẻo với người Trung Quốc?,4,3,2,1
165,Sóng âm không truyền được trong môi trường nào?,Chân không,Lỏng,Rắn,Khí
166,Ando Momofuku là người Nhật đã phát minh ra món ăn gì phổ biến ngày nay?,Mỳ ăn liền,Bánh mỳ,Xúc xích,Gà rán
167,Bối cảnh diễn ra câu truyện Romeo và Juliet ở thành phố nào của Ý?,Verona,Milan,Rome,Venice
168,Giải Emmy là giải thưởng cao quý dành cho lĩnh vực nào?,Điện ảnh,Ca nhạc,Thời trang,Văn hóa
169,Trụ sở của Ngân hàng chung Châu Âu ở thành phố nào?,Frankfurt,New York,Paris,Brussel
170,Nước chủ nhà Copa America 2011 là nước nào?,Argentina,Boliviar,Venezuala,Paraguay 
171,Những đại phân tử được cấu tạo theo nguyên tắc đa phân mà các đơn phân là axít amin là gì?,Protein ,Axít,Vitamin,Chất béo
172,Nước nào đăng cai cuộc thi sáng tạo Robocon 2011?,Thái Lan,Việt Nam,Singapore,Malaysia
173,Ngày Sách Thế Giới được tổ chức thường niên vào ngày nào?,23 tháng 4,23 tháng 5,23 tháng 6,23 tháng 7
174,"Trong môn võ Taekwondo, cấp đai cao nhất có màu gì?",Đen,Đỏ,Trắng,Xanh
175,Màu đai đỏ trong môn võ Taekwondo có danh xưng là gì?,Võ sinh,Võ xinh huyền đai,Huyến luyện viên,Võ sư
176,Châu lục nào hoàn toàn nằm ở Tây bán cầu?,Châu Mỹ,Châu Á,Châu Âu,Châu Phi
177,Quinin là thuốc điều trị bệnh gì?,Bệnh sốt rét,Bệnh HIV,Bệnh đau đầu,Bệnh tim
178,Núi phú sĩ nằm trên hòn đảo nào?,Honshu,Shikoku,Hokkaido,Kyushu
179,Kim loại nào có khối lượng riêng nhỏ nhất?,Liti,Natri,Kali,Beri
180,Đồng thau là hợp kim của hai kim loại nào?,Đồng và kẽm,Đồng và sắt,Đồng và thiếc ,Đồng và nhôm
181,Các chùa ở Nhật Bản sẽ đánh bao nhiêu tiếng chuông vào đêm giao thừa?,108,100,70,68
182,Quân cờ nào có cả trên cờ vua và cờ tướng?,Mã,Pháo,Sĩ,Hậu
183,Đội bóng nước nào vô địch Giải vô địch bóng đá nữ thế giới năm 2011?,Nhật Bản ,Úc,Triều Tiên,Anh
184,Từ cao bồi trong tiếng việt được việt hóa từ từ nào?,Cowboy,Caoboy,Cowboi,Caoboi
185,Cao bồi nghĩa là gì?,Người chăn bò,Người chăn chim,Người chăn vịt,Người chăn gà
186,Hoàn thiện tiêu đề của bộ phim James Bond: The Man With The Golden…?,Gun,Tooth,Eges,Eyes
187,Điều gì là sai khi nói về thủy ngân?,Dẫn điện kém,Dẫn điện tốt,Dẫn nhiệt kém,Có ánh bạc
188,Vật dụng nào sau đây có sử dụng thủy ngân?,Nhiệt kế,Vô kế,Ampe kế,Đồng hồ
189,Thủy ngân có mấy đồng vị ổn định?,7,8,9,10
190, Nữ thần Aphrodite làn con gái của ai?,Thần Zeus,Thần đèn,Thần Thor,Apollo
191,Nguyên tố hóa học này sau đây khác với các nguyên tố còn lại?,Fe,C,P,S
192,Tổng sản phẩm quốc dân viết tắt là gì?,GNP,GDP,VAT,GPP
193,Chỉ số giá tiêu dùng viết tắt là gì?,CPI,GDP,VAT,GNP
194,Việt Nam chính thức ra nhập WTO vào năm nào?,2007,2008,2009,2010
195,Hiệp định Đối tác Xuyên Thái Bình Dương viết tắt là gì?,TPP,WTO,TTP,VAT
196,Hiệp định Đối tác Xuyên Thái Bình Dương được ký kết vào năm nào?,2005,2006,2007,2008
197,Tổ chức lao động quốc tế viêt tắt là gì?,ILO,IIO,LLO,OLL
198,"Năm 2015, GDP nước nào cao nhất Đông nam Á?",Indonesia,Việt Nam,Thái Lan,Malaysia
199,Nước Bỉ sử dụng đồng tiền gì?,Euro,USD,Rub,Nhân dân tệ
200,Từ nào sau đây khác so với các từ còn lại?,USD,WTO,WHO,UNICEF
201,Cục dự trữ liên bang Mỹ viết tắt là gì?,FED,FEE,FDD,FEE
202,Chỉ số giá sản xuất viết tắt là gì?,PPI,PPE,PII,IPI
203,Nợ xấu là khoản nợ được phân loại trong nhóm mấy?,4,8,6,2
204,Tổ chúc Hợp tác và Phát triển kinh tế viết tắt là gì?,OECD,WTO,WHO,UNICEF
205,Đâu là diễn đàn hợp tác Kinh tế Châu Á-Thái Binh Dương?,APEC,WTO,WHO,OECD
206,Trụ sở chính của diễn đàn hợp tác Kinh tế Châu Á-Thái Binh Dương ở đâu?,Singapore,Malaysia,Philippines,Việt Nam
207,"Năm 2016, APEC có bao nhiêu nước thành viên?",21,23,25,27
208,APEC được thành lập năm bao nhiêu?,1989,1990,1991,1992
209,Việt Nam ra nhập APEC năm nào?,1998,1999,2000,2003
210,Tổ chức thương mại thế giới WTO được thành lập năm nào?,1995,1997,1999,2001
211,Trụ sở chính của tổ chức thương mại thế giới ở đâu?,Thụy Sĩ,Bỉ,Anh,Pháp
212,Ngân hàng phát triển Châu Á viết tắt là gì?,ADB,ACB,HSBC,VPB
213,Trụ sở chính của ngân hàng phát triển Châu Á ở đâu?,Philippines,Malaysia,Singapore,Indonesia
214,Cộng đồng kinh tế Châu Phi viết tắt là gì?,AEC,APEC,WTO,WHO
215,Đâu là một tờ báo về kinh doanh quốc tế?,Financial Times,Play Boy,New York Times,CNN
216,Thời báo tài chính Financial Times có trụ sở ở đâu?,Anh ,Mỹ ,Úc ,Canada
217,Ủy ban kinh tế Tây Á viết tắt là gì?,ECWA,WTO,WHO,UNICEF
218,Hội đồng tượng trợ kinh tế viết tắt là gì?,COMECON,NATO ,WTO,WHO
219,Đâu là tạp chí kinh doanh lâu đời và nổi tiếng nhất hiện nay?,Forbes,Play Boy,CNN Money,CNBC
220,Tổ chức Liên hiệp quốc tế về phát triển công nghiệp viết tắt là gì?,UNIDO,WHO,UNICEF,NASA
221,Đâu là tên viết tắt của Cộng đồng kinh tế Châu Âu?,EEC,BBC,CNN,NATO
222,Sàn chứng khoán New York viết tắt là gì?,NYSE,NNSE,SYYS,NYSS
223,Quốc gia có trữ lượng vàng lớn nhất thế giới năm 2013?,Mỹ ,Anh ,Pháp,Trung Quốc
224,Show diễn Victoria's Secret là show diễn về thời trang gì?,Nội y,Công sở,Mùa hè,Mùa đông
225,Nói đến bộ sưu tập Xuân Hè là nói đến lĩnh vực gì?,Thời trang,Thể thao ,Điện ảnh,Văn hóa
226,Levis là thương hiệu thời trang nổi tiếng về loại quần gì?,Jeans,Thể thao ,Đùi,Quần sịp
227,Thương hiệu thời trang Levis được tạo dựng bởi ai?,Levi Strauss,Ronaldo,Justin Bieber,Madona
228,Thương hiệu Gucci được sáng lập năm nào?,1906,1990,1998,2003
229,Rolex là thương hiệu của sản phẩm nào?,Đồng hồ,Nhẫn,Ô tô,Đồ lót
230,Giá vé xem show diễn Victoria's Secret khoảng bao nhiêu tiền?,Vài trăm triệu,Vài chục nghìn,Vài trăm nghìn,Vài chục chiệu
231,Hãng thời trang Valentino sáng lập năm 1959 ở đâu?,Ý,Bỉ ,Úc,Anh
232,Louis Vuitton là tên của thương hiệu...?,Thời trang,Máy tính,Máy giặt,Điện thoại
233,Chanel là hãng thời trang…?,Cao cấp,Giá rẻ,Trung bình,Cho trẻ em
234,Victoria's Secret là nhà bán lẻ nội y lớn nhất tại nước nào?,Mỹ,Anh,Nga,Nhật Bản
235,Victoria's Secret được thành lập vào năm nào?,1977,1990,2008,2010
236,Đâu là kinh đô thời trang đầu tiên của thế giới?,Paris,New York,Milan,Tokyo
237,Kinh đô thời trang đầu tiên của Châu Á là ở đâu?,Tokyo,Milan,Seoul ,Bangkok
238,Tên hãng thời trang Calvin Klein là tên của….?,Nhà sáng lập,Bộ sưu tập,Chiếc áo,Chiếc váy
239,Hãng thời trang Calvin Klein được ra đời ở đâu?,Mỹ,Anh ,Ý,Canada
240,Phiên bản gốc Next Top Model có nguồn gốc ở nước nào?,Mỹ,Anh ,Việt Nam,Pháp
241,Bài hát được Maroon 5 thể hiện tại Victoria's Secret 2011 tên gì?,Moves Like Jagger,Sugar,Maps,Animals
242,Victoria Beckham không chỉ là ca sĩ mà còn là một?,Nhà thiết kế,Cầu thủ,Người mẫu,Chính trị gia
243,Tạp chí Vogue là tạp chí về lĩnh vực gì?,Thời trang ,Điện ảnh,Thể thao,Văn hóa
244,Tuần lễ thời trang New York được tổ chức mấy lần một năm?,2,3,4,4
245,Tuần lễ thời trang New York được tổ chức tháng 2 và tháng mấy?,9,10,11,12
246,Hiệp hội các nhà thiết kế thời trang Mỹ viết tắt là gì?,CFDA,CEO,CIA,BFI
247,Tuần lễ thời trang Paris diễn ra định kỳ vào tháng 1 và tháng mấy?,7,5,6,8
248,Các thiết kế mang tính ứng dụng và thực tiễn cao gọi là?,Thời trang ứng dụng,Thời trang cao cấp,Thời trang trẻ em,Thời trang thu đông
249,Đâu không phải là một nhà thiết kế nổi tiếng?,Justin Bieber,Donatella Versace,Tom Ford,Ralph Lauren
250,Quần Jeans ban đầu được thiết kế cho ai?,Thợ mỏ vàng,Thợ làm than,Chính trị gia,Ca sĩ
251,Marc Jacobs là nhà thiết kế thời trang nổi tiếng ở đâu?,Mỹ ,Ý,Pháp,Anh
252,Loại vải đầu tiên để làm nên quần Jeans?,Canvas,Coton ,Sợi dây,Tơ tằm
253,Hãng thời trang Dior được lấy tên theo tên của ai?,Nhà sáng lập Dior,Ca sĩ,Người mẫu,Diễn viên
254,Trụ sở chính của hãng thời trang Dior là ở nước nào?,Pháp,Mỹ ,Anh,Ý
255,Trụ sở chính Dior được đặt tại thành phố nào?,Paris,New York,Milan,Luân Đôn
256,Bài hát We Don't Talk Anymore do ca sỹ nào thể hiện?,Charlie Puth và Selena Gomez,Selena Gomez,Justin Bieber,Alan Walker
257,Ai được mệnh danh là ông hoàng nhạc Pop?,Michael Jackson,Justin Bieber,Shayne Ward,Peter
258,EDM là thể loại âm nhạc gì?,Nhạc điển tử,Nhạc đồng quê,Nhạc cổ điển,Nhạc Pop
259,Adele là ca sỹ người nước nào?,Anh,Pháp,Mỹ ,Canada
260,Ca sỹ Việt Nam gắn với nhiều giải thưởng âm nhạc quốc tế?,Mỹ Tâm,Đàm Vĩnh Hưng,Hồ Ngọc Hà,Phương Linh
261,Taylor Swift là ca sĩ của thể loại nhạc nào?,Nhạc đồng quê,Nhạc Pop,Rock,R&B
262,OST là nhạc gì?,Nhạc nền,Nhạc thính phong,Nhạc phim,Nhạc nhẹ
263,Giải thưởng âm nhạc danh giá nhất?,Grammy,Oscar ,Giải cống hiến,Cành cọ vàng
264,Ca sĩ Justin Bieber được mệnh danh là gi?,Hoàng tử nhạc Pop,Vua nhạc Pop,Nữ hoàng nhạc PoP,Không là gì
265,Heal the World là bài hát nổi tiếng của ca sĩ nào?,Michael Jackson,Shakira ,Taylor Swift,Lady Gaga
266,Nữ ca sĩ có phong cách quái dị nhất?,Lady Gaga,Taylor Swift,Adele,Katy Perry
267,"Bài hát ""See you again"" được sử dụng trong bộ phim nào?",Fast and Furious 7,Cướp biển,DeadPool,Titanic 
268,Lễ hội Summer Sonic là lễ hội âm nhạc ở đâu?,Nhật Bản,Nga,Mỹ ,Canada
269,Đâu là liên hoan âm nhạc điện tử lớn nhất thế giới?,Tomorrowland,Music Festival,Ultra Music Festival,Ozzfest
270,"""Baby"" là ca khúc làm nên tên tuổi của ca sĩ nào?",Justin Bieber,Michael Jackson,Shayne Ward,Maroon5
271,Ca khúc làm mưa làm gió trong nền âm nhạc thế giới năm 2015?,Hello,What do you mean,Fade,Sorry
272,Ca khúc nào được Katy Perry thể hiện trong Olympic 2016?,Rise,Roar,Hot 'N Cold,Dark Horse 
273,Michael Jackson mất năm nào?,2009,2010,2011,2012
274,"Ca khúc ""My Love"" gắn với tên tuổi của ban nhạc nào?",Westlife,Backstresst Boy,The Beatle,Boyzone
275,"""We don't talk anymore"" được Charlie Puth thể hiện với ca sĩ nào?",Selena Gomez,Lady Gaga,Taylor Swift,My Tam
276,Ca sĩ Selena Gomez là người nước nào?,Mỹ,Úc,Pháp,Anh
277,Ca khúc Hello của Adele nằm trong Album thứ mấy?,3,1,4,5
278,Ca sĩ Shakira là người nước nào?,Colombia,Nga,Trung Quốc,Ý
279,Bài hát Waka Waka được Shakira thể hiện trong World Cup năm bao nhiêu?,2010,2014,2006,2002
280,Ca sĩ nào thể hiện ca khúc Dimonds?,Rihanna,Katy Perry,Jenifer Lopez ,Lady Gaga
281,Michael Jackson sinh năm bao nhiêu?,1958,1959,1960,1961
282,Shakira đã thể hiện ca khúc nào tại World Cup 2014?,La La La,Waka Waka,Whenever Wherever,Beautiful Liar
283,Ai là người được mệnh danh là Công chúa nhạc đồng quê?,Taylor Swift,Katy Perry,Lady Gaga,Selena Gomez
284,"Đồ, rê, mi, pha, son…là nói đến môn nghệ thuật gì?",Âm nhạc,Phim ảnh,Thể thao,Hài kịch
285,Xướng âm là đọc lên những ký hiệu âm nhạc đúng cao độ và ….?,Trường độ,Âm sắc,Giai điệu ,Độ trầm
286,Cây sáo cổ nhất được các nhà khoa học tìm thấy được làm bằng gì?,Ngà voi ma mút,Sừng tê giác,Cây trúc,Đá
287,Nhạc cụ nào thường được chơi nơi có gió?,Aeolian,Guitar,Sáo,Violin
288,Sáo được phân ra làm mấy loại?,2,3,4,5
289,Beethoven là ai?,Nhà soạn nhạc,Ca sĩ,Vũ Công,Diễn viên
290,Bản nhạc nổi tiếng Moonlight Sonata là của nhà soạn nhạc nào?,Beethoven,Mozart,William Lawes,Thomas Mace
291,EDM được tạo ra từ những nhạc cụ nào?,Từ các thiết bị điện tử,Violin ,Sáo,Trống
292,Thể loại nhạc điện tử được viết tắt là gì?,EDM,EEM,EMM,EDD
293,Nhạc nền viết tắt là gì?,OST,OMT,OTT,OOS
294,EDM có nguồn gốc từ đâu?,Mỹ,Châu Phi,Nhật Bản,Thái Lan
295,Âm nhạc nói chung được chia làm mấy thể loại?,2,3,4,5
296,Nhạc Jazz có nguồn gốc từ đâu?,Mỹ,Nhật,Nga ,Úc
297,Khuông nhạc là tập hợp những…?,Dòng kẻ ngang,Đấu chấm,Đấu phẩy,Dòng kẻ dọc
298,Thỉnh âm là từ ngữ thuộc lĩnh vực nào?,Âm nhạc,Phim ảnh,Người mẫu,Kinh tế
299,"Ở Việt Nam, từ Diva là nghĩa là gì?",Danh ca,Ca sĩ,Nhạc sĩ,Nghệ sĩ
300,DJ có nghĩa là gì?,Người phối nhạc,Ca sĩ,Diễn viên,Đạo diễn
301,Backstreet Boys là tên một…?,Nhóm nhạc,Ca sĩ,Nhạc sĩ,Diễn viên
302,Backstreet Boys là ban nhạc toàn thành viên là…?,Nam giới,Nữ giới,Cả Nam cả Nữ,Đồng tính
303,"Opera là loại hình nghệ thuật tổng hợp giữa sân khấu, thanh nhạc và …?",Âm nhạc,Diễn viên,Thanh nhạc ,Đạo diễn
304,Harmonica là tên của một loại…?,Nhạc cụ,Nhóm nhạc,Diễn viên,Bộ phim
305,Đâu không phải tên một nhóm nhạc?,G-Dragon,Westlife ,BigBang,Backstreet Boys
306,G-Dragon là thành viên của nhóm nhạc nào?,BigBang,Westlife ,Backstreet Boys,Boyzone
307,Nhóm trưởng của ban nhạc BigBang là ai?,G-Dragon,Taeyang ,T.O.P,Daesung
308,Đâu là nhóm nhạc tới từ Hàn Quốc?,BigBang,Westlife ,Backstreet Boys,Boyzone
309,Khi nói đến Ông hoàng nhạc POP là chúng ta nói đến…?,Michael Jackson,Bruno Mars,Justin Bieber,Sam Smith
310,Ca khúc My Heart Will Go On là nhạc phim cho bộ phim nổi tiếng nào?,Titanic,Người nhện,Người sắt,X-Men
311,Bài hát được thể hiện chính trong bộ phim Titanic là bài hát nào?,My heart will go on,My Love,Sorry,Baby
312,Bài hát See You Again để tưởng nhớ về….?,Paul Walker,Anton Yelchin,Johnny Lewis,Lý Tiểu Long
313,Ca khúc Hello được thể hiện thành công bởi ca sĩ nào?,Adele,Katy Perry,Rihanna,Jenifer Lopez
314,Michael Jackson là ca sĩ những thập niên đầu năm?,80,60,70,90
315,Ca sĩ nào đã dùng tiếng hát để phá vỡ rào cản phân biệt chủng tộc?,Michael Jackson,Adele,Justin Bieber,Jenifer Lopez
316,Ca sĩ Michael Jackson là người nước nào?,Mỹ,Úc,Canada,Anh
317,Đâu không phải là nhà soạn nhạc?,Justin Bieber,Bach,Beethoven,Mozart
318,Từ T trong MTV là viết tắt của từ gì trong lĩnh vực âm nhạc?,Television ,Tell,Talk,Twitch 
319,Đâu là thể loại nhạc kịch?,Opera,Jazz,Pop,R&B
320,Một bản giao hưởng do bao nhiêu người thể hiện?,Một dàn nhạc,1,2,3
321,Boyzone là tên của…?,Một ban nhạc,Một bài hát,Một ca sĩ,Một bộ phim
322,Chiếc máy nghe nhạc tự động đầu tiên trên thế giới ra đời năm nào? ,1906,1950,1960,1980
323,The Beatle là ban nhạc của những thập niên bao nhiêu?,60,70,80,90
324,The Beatle là ban nhạc….?,Rock,Pop,Jazz,Blues
325,The Beatle là ban nhạc Rock người…?,Anh,Mỹ,Pháp,Nga
326,DJ Soda là người nước nào?,Hàn Quốc ,Việt Nam,Mỹ ,Anh
327,Ca sĩ Justin Bieber sinh năm bao nhiêu?,1994,1995,1996,1997
328,Justin Bieber là ca sĩ người nước nào?,Canada,Mỹ,Anh ,Pháp
329,Tập hợp âm thanh theo một trật tự nhất đinh gọi là?,Hợp âm,Xướng Âm,Ca từ,Lời nhạc
330,Môn giúp con người biểu diễn âm thanh dưới dạng nốt nhạc hay ca từ gọi là…?,Nhạc lý,Thỉnh âm,Âm vực,Nhạc cụ
331,Khoảng cách giữa hai nốt nhạc gọi là?,Quãng,Nốt,Khoảng trống,Dấu cách
332,Thành phần cơ bản của âm nhạc phương Tây là?,Nốt nhạc,Nhạc cụ,Ca sĩ,Nhạc sĩ
333,Nhạc Lossless là loại nhạc gì?,Chất lượng cao,Chất lượng thấp,Bình thường,Nhạc không lời
334,Nhạc 128kbps là nhạc có chất lượng như thế nào?,Bình thường,Cao,Thấp,Cực thấp
335,"""See you again"" là tên của một…?",Bài hát,Ban nhạc,Quyển sách,Bộ phim
336,Bài hát để tưởng nhớ về nam diễn viên Paul Walk tên là gì?,See You Again,Miss You,My Love,Hello
337,Bài hát See You Again là bài hát do ai thể hiện?,Charlie Puth,Taylor Swift,Wiz Khalifa,Justin Bieber
338,Pep Guardiola là huấn luyện viên của đội tuyển Man City vào năm nào?,2016,2014,2012,2010
339,Pep Guardiola đã rời khỏi vị trí huấn luyện viên câu lạc bộ nào?,Barcelona,Bayern Munich,MU,Man City
340,La Liga là cúp bóng đá...?,Tây Ban Nha,Ngoại hạng Anh,Châu Âu,Thế giới
341,Huấn luyện viên Mourinho là người nước nào?,Bồ Đào Nha,Tây Ban Nha,Mỹ,Nga
342,"Mùa giải 2013-2015, Mourinho đã dẫn dắt câu lạc bộ nào?",Chelsea,Real Madrid ,Inter Milan,MU
343,Thế vận hội Mùa hè năm 2016 được tổ chúc ở nước nào?,Brazil ,Mỹ,Anh,Tây Ban Nha
344,Thành phố được chọn để tổ chức thế vận hội Mùa hè năm 2016 là…?,Rio de Janeiro,Sao Paulo,Salvador,Serra
345,Sân vận động nào được mệnh danh là Nhà hát của những giấc mơ?,Old Trafford,Etihad,Emirates,Stamford Bridge 
346,Sân vận động Stamford Bridge là của đội bóng nào?,Chelsea,MU,Manchester City,Bayern Munich
347,World Cup 2014 được tổ chức ở đâu?,Brazil ,Anh,Úc,Pháp
348,World Cup 2014 là giải bóng đá vô địch thế giới lần thứ bao nhiêu?,20,19,18,17
349,Đội tuyển vô dịch World Cup 2014 là đội tuyển nào?,Đức,Anh,Mỹ,Brazil
350,Novak Djokovic là vận động viên môn thể thao nào?,Tennis,Bóng đá,Bóng rổ,Bơi lội
351,Tay vợt Maria Sharapova là người nước nào?,Nga,Pháp,Úc,Bồ Đào Nha
352,Sân vận động Nou Camp ở đâu?,Tây Ban Nha,Bồ Đào Nha,Mỹ ,Brazil
353,LeBron James là vận động viên nổi tiếng của môn thể thao nào?,Bóng rổ,Bóng đá,Tennis,Bóng bàn
354,Michael Phelps là vận động viên môn…?,Bơi lội,Bóng đá,Tennis,Cờ vua
355,Cristiano Ronaldo  sinh năm bao nhiêu?,1985,1987,1989,1990
356,Danh hiệu quả bóng vàng năm 2015 thuộc về ai?,Cristiano Ronaldo ,Lionel Mession,Neymar ,Luis Suarez
357,Usain Bolt là vận động viên quốc gia nào?,Jamaica,Brazil,Mỹ ,Anh
358,Hoàng Xuân Vinh là vận động viên môn….?,Bắn súng,Bóng bàn,Bóng rổ,Nhảy cao
359,Cầu thủ Luis Suarez là người nước nào?,Uruguay ,Paraguay,Mỹ,Anh
360,Lionel Messi chơi ở vị trí nào?,Tiền đạo,Hậu vệ,Trung vệ,Tiền vệ
361,Câu lạc bộ giành vô dịch ngoại hạng anh năm 2015?,Leicester,Manchester United ,Manchester City,Chelsea 
362,Cúp bóng đá Nam Mỹ có tên là gì?,Copa America,La Liga,Premier League,World Cup
363,Vận động viên môn bắn súng người nước nào đã phá vỡ kỷ lục Olympic 2016? ,Việt Nam,Nga,Mỹ,Jamaica
364,Euro 2016 được tổ chức tại nước nào?,Pháp,Anh,Mỹ,Úc
365,Vận động viên chạy nhanh nhất thế giới tên là gì?,Usain Bolt,Justin Gatlin,Yohan Blake,Elaine Thompson 
366,"Tính đến năm 2016, Lionel Messi đã dành được mấy quả bóng vàng?",5,6,7,8
367,Công viên các hoàng tử là sân vận động của câu lạc bộ nào?,Paris Saint-Germain,MU,Man City,Juventus 
368,Sân vận động Ánh sáng là của đội bóng nào?,Sunderland,Inter Milan,Real Madrid ,Liverpool
369,Thánh địa Bernabeu - Sân nhà của đội bóng nào?,Real Madrid ,MU,Liverpool,Juventus 
370,Liên đoàn bóng đá Châu Âu viết tắt là gì?,UEFA,VFF,UFFA,UEEF
371,Môn thể thao được coi là môn thể thao nữ hoàng?,Điền kinh,Bóng đá,Bóng rổ,Bóng chuyền
372,Mỗi đội bóng rổ thi đấu trên sân có mấy người?,5,6,7,8
373,Bóng rổ ra đời ở nước nào?,Mỹ,Anh,Úc,Pháp
374,Pháo thủ thành Luân Đôn là đội bóng nào?,Asernal,MU,Man City,Juventus 
375,Quỷ đỏ là biệt danh của đội bóng nào?,Manchester United,Manchester City,Inter Milan,Sunderland
376,Đội bóng nào có biệt danh là Lữ đoàn đỏ?,Liverpool,Manchester City,MU,Juventus 
377,"Năm 2016, MU đã chiêu mộ thành công tiền vệ người pháp nào?",Paul Pogba,Rooney,Mata,Ibrahimovic
378,Maradona đã tham dự mấy kỳ World Cup?,4,5,6,7
379,Maradona là cậu thủ người nước nào?,Argentina,Brazil,Uruguay ,Bồ Đào Nha
380,"Ai được mệnh danh là ""Cậu Bé Vàng"" của bóng đá thế giới?",Maradona,Messi,Ronaldo,Luis Suarez
381,Bóng đá trong nhà gọi là gì?,Futsal,Butsan,Tutsan,Fusal
382,Lối chơi Tiki-taka là của đội bóng nào?,Barcelona,MU,Manchester City,Inter Millan
383,Cầu thủ được mệnh danh là người ngoài hành tinh?,Ronaldo béo,Cristiano Ronaldo,Messi,Kaka
384,Trọng tài bắt chính trong trận chung kết Euro 2016 là ai?,Mark Clattenburg,Pierluigi Collina,Jonas Eriksson,Simon Beck
385,Trọng tài nổi tiếng thế giới Pierluigi Collina là người nước nào?,Italia,Tây Ban Nha,Mỹ,Anh
386,Chiếc cup vô dịch World Cup hiện nay được sử dụng từ năm bao nhiêu?,1974,1975,1976,1977
387,Giải vô địch bóng đá thế giới được thành lập năm bao nhiêu?,1930,1935,1940,1945
388,Ronaldinho là danh thủ người nước nào?,Brazil ,Tây Ban Nha,Bồ Đào Nha,Đức
389,FIFA World Cup bị hủy bỏ 2 kỳ vào năm 1942 và năm bao nhiêu?,1946,1950,1954,1958
390,"Tính đến năm 2016, ai là cầu thủ duy nhất đạt 3 lân vô dịch World Cup?",Pele,Miroslav Klose,Just Fontaine,Ronaldinho
391,Trong quyền Anh hạng ruồi có cần nặng bao nhiêu kg?,46-49 Kg,50-60 Kg,69-75 Kg,75-81 Kg
392,Giải đua xe đạp vòng quanh nước Pháp có tên là gì?,Tour de France,Tout de France,Tour Le France,Tour de Fance
393,Thế vận hội Mùa hè hay còn được gọi là gì?,Olympic,Olympia,Olimpic,Olympi
394,SEA Games  22 được tổ chức tại Việt Nam vào năm bao nhiêu?,2003,2004,2005,2006
395,Olympic bắt nguồn từ các cuộc thi đấu thể thao từ thời kỳ nào?,Hy Lạp cổ đại,Sau công nguyên,Phục hưng,Thế kỷ 19
396,Ủy ban Olympic quốc tế viết tắt là gì?,IOC,WTO,WHO,UEEF
397,Trụ sở chính của Ủy ban Olympic quốc tế ở nước nào?,Thụy Sĩ,Mỹ ,Bồ Đào Nha,Anh
398,USOC là tên viết tắt của Ủy ban Olympic ở nước nào?,Mỹ,Việt Nam,Campuchia,Trung Quốc
399,Cơ quan chống Doping Quốc tế có trụ sở ở nước nào?,Canada,Anh,Thái Lan,Nga
400,Cơ quan chống Doping Quốc được viết tắt là gì?,WADA,WHO,WTO,NASA
401,Liên đoàn Cờ vua quốc tế viết tắt là gì?,FIDE,UNICEF,WTO,WHO
402,Giải vô địch bóng đá giữa các câu lạc bộ Châu Âu có tên là?,UEFA Champions League ,World Cup,Olympic,Ngoại hạng Anh
403,Môn chạy Marathon là để tôn vinh một người lính…?,Hy Lạp ,Châu Phi,Việt Nam,Mỹ
404,Thế vận hội mùa đông 2014 được tổ chức ở đâu?,Nga,Pháp,Nhật Bản,Mỹ
405,Olympic Bắc Kinh được diễn ra vào năm nào?,2008,2010,2012,2014
406,Olympic 2004 được tổ chức ở đâu?,Hy Lạp,Trung Quốc,Brazil,Mỹ
407,Lực sĩ ném đĩa là bức tượng nổi tiếng của nước nào?,Hy Lạp,Mỹ,Anh,Nga
408,Liên đoàn điền kinh quốc tế viết tắt là gì?,IAAF,AFF,WTO,IOC
409,Người chơi môn khúc côn cầu sử dụng gì để điều khiển bóng?,Gậy,Tay,Chân,Đầu
410,Bài hát khai mạc Olympic Bắc Kinh 2008 do bao nhiêu người thể hiện?,Rất nhiều người,2,3,4
411,Kền kền trắng là biệt danh của đội bóng nào?,Real Madrid ,Juventus ,Asernal ,MU
412,Võ sĩ quyền anh Manny Pacquiao là người nước nào?,Phillipines,Malaysia ,Indonesia,Thái Lan
413,Trận quyền Anh thế kỷ giữa Mayweather và Pacquiao diễn ra vào năm nào?,2015,2014,2013,2016
414,"Tính đến năm 2015, ai là cầu thủ ghi nhiều bàn thắng nhất cho tuyển Anh?",Rooney,Joe Hart,John Stones,Jamie Vardy
415,Khi nói đến môn thể thao F1 là nói đến môn thể thao nào?,Đua xe,Bóng đá,Bóng chuyền,Bơi lội
416,Tay vợt Novak Djokovic  đã đạt tổng cộng bao nhiêu danh hiệu trong 2015?,11,13,15,17
417,Đại hội Olympic được tổ chức như thế nào?,Vào các năm chẵn,Vào các năm lẻ,Cả A và B,4 năm 1 lần
418,Giải vô địch Wimbledon là giải đấu dành cho môn thể thao nào?,Quần vợt,Bóng đá,Bóng chày,Bóng rổ
419,Giải vô địch quần vợt Wimbledon được tổ chức tại đâu?,Lôn Đôn,New York,Paris,Copenhagen
420,"Trong các trận đấu tại giải, các cô và cậu bé nhặt bóng, còn được gọi là?",BBG,BBC,CNN,DJ
421,Hai chị em nhà Williams là hai vận động viên nổi tiếng với môn thể thao nào?,Quần vợt,Bóng bàn,Bóng đá,Cầu lông
422,Grand Slam là một trong những giải của môn thể thao nào?,Quần vợt,Bóng đá,Bơi lội,Đấu kiếm
423,"Giải Pháp mở rộng, Mỹ mở rộng là giải đấu của môn nào?",Quần vợt,Cử tạ,Bơi lội,Đua xe đạp
424,Cầu thủ bóng đá được mệnh danh là voi rừng?,Drogba,David Backham ,Messi,Ronaldo
425,Hiệp hội quần vợt nhà nghề viết tắt là?,ATP,IOC,WHO,WTO
426,Tay vợt nam đứng đầu bảng xếp hạng đơn môn quần vợt tháng 12 -2015 là ai?,Novak Djokovic,Rafael Nadan,Roger Federer,Andy Murray
427,Giải thưởng dành cho cầu thủ ghi nhiều bàn thắng nhất trong mùa là?,Chiếc giày vàng Châu Âu,Oscar,Mâm xôi vàng,Quả bóng vàng
428,Giải vô địch U20 thế giới được tổ chức mấy năm 1 lần?,2,3,4,5
429,Liên đoàn bóng đá Châu Phi viết tắt là gì?,CAF,AFF,CFF,CAA
430,Chiếc giày vàng Châu Âu năm 2015 thuộc về ai?,Cristiano Ronaldo ,Messi,Neymar ,Mata
431,Ai là thủ môn của câu lạc bộ Barcelona năm 2016?,Claudio Bravo,Van de Sar,Casilla,Petr Cech
432,Thủ thành Petr Cech là người nước nào?,Cộng hòa Séc,Bỉ,Italia,Đức
433,Huy chương vàng Olympic 2016 được mạ bao nhiêu gam vàng?,6 g,8 g,10 g,12 g
434,Lễ khai mạc Euro 2016 được tổ chức vào ngày nào?,11 tháng 6,11 tháng 7,11 tháng 8,11 tháng 9
435,Cầu mây có nguồn gốc từ đâu?,Đông nam Á,Châu Âu,Châu Phi,Nam Mỹ
436,Donald Trump đã tranh cử tổng thống mỹ vào năm bao nhiêu?,2016,2009,2013,2012
437,"Tính đến năm 2015, ai là tổng thống Mỹ?",Barack Obama,Clinton,Bush,Nixon
438,Sheryl Sandberg là giám đốc tác nghiệp của mạng xã hội nào?,Facebook,Twitter,Yahoo,Instagram
439,David William Donald Cameron giữ trức vụ gì năm 2016?,Thủ tướng Anh,Giám đốc ngân hàng,Doanh nhân,Phó thủ tướng Anh
440,Youtube là mạng xã hội thuộc về tập đoàn nào?,Google,Apple ,Alibaba,Amazon
441,Hillary Clinton là người nước nào?,Mỹ,Anh,Pháp ,Nga
442,Tổng thống Nga Putin sinh năm bao nhiêu?,1952,1956,1960,1964
443,Dmitry Anatolyevich Medvedev được bổ nhiệm làm tổng thống nga vào năm nào?,2008,2005,2006,2007
444,Fidel Castro nhà lãnh đạo Cuba sinh năm nào?,1927,1937,1947,1957
445,Tổn thống Hugo Chavez là vị tổng thống người nước nào?,Venezuela,Nga,Mỹ ,Philippines 
446,John Kennedy là tổng thống đời thứ bao nhiêu của Mỹ?,35,36,37,38
447,Nelson Mandela là người ở đâu?,Nam Phi,Trung Quốc,Philippines,Malaysia
448,Ca sĩ G-Dragon là người nước nào?,Hàn Quốc ,Trung Quốc,Nhật Bản,Thái Lan
449,Cô ca sĩ Rihanna sinh năm bao nhiêu?,1988,1990,1992,1994
450,Diễn viên Alan Rickman trong phim Harry Potter mất năm nào?,2016,2015,2014,2013
451,Ai đã thủ vai nhân vật Harry Potter trong bộ phim cùng tên?,Daniel Radcliffe ,Charity Burbage,Rolanda Hooch,Rubeus Hagrid
452,Kim là người nổi tiếng với siêu vòng mấy?,Vòng 3,Vòng 1,Vòng 2,Vòng tròn
453,Mark Zuckerberg lọt vào top 10 tỉ phú thế giới vào năm nào?,2016,2015,2014,2013
454,"Năm 2016, ai là người giầu nhất thế giới?",Bill Gate,Mark Zuckerberg,Amancio Ortega,Warren Buffet
455,Tỉ phú Amancio Ortega là tỉ phú về lĩnh vực gì?,Thời trang,Kinh tế,Công nghệ,Du lịch
456, Jeff Bezos là nhà sáng lập của tập đoàn nào?,Amazon,Alibaba,Apple,Microsoft
457,Larry Ellison là CEO của công ty chuyên sản xuất về cái gì?,Phần mền,Máy tính,Điện thoại,Tivi
458,Priscilla Chan là ai của CEO Facebook?,Vợ,Chị gái,Bạn,Em gái
459,Priscilla Chan và Mark Zuckerberg là người nước nào?,Mỹ,Anh,Pháp ,Úc
460,Priscilla Chan làm nghề gì?,Bác sĩ,Marketing,Giáo viên,Kế toán
461,Siêu mẫu nổi tiếng Gisele Bundchen là người nước nào?,Brazil,Nhật Bản,Mỹ ,Anh
462,Nam diễn viên Kim Bum của bộ phim Vườn Sao Băng sinh năm bao nhiêu?,1989,1991,1993,1995
463,Cầu thủ Zlatan Ibrahimovic là người nước nào?,Thụy Điển,Anh,Pháp ,Mỹ
464,Cầu thủ Paul Pogba sinh năm bao nhiêu?,1993,1994,1995,1996
465,"Năm 2016, Paul Pogba đã ra nhập câu lạc bộ nào?",MU,Man City,Inter Milan,Juventus
466,Thủ môn Victor Valdes là người nước nào?,Tây Ban Nha,Ý ,Anh,Mỹ
467,Tài tử Vin Diesel sinh năm bao nhiêu?,1967,1970,1975,1980
468,Diễn viên Hollywood Vin Diesel là người nước nào?,Mỹ ,Anh ,Úc ,Pháp
469,Seri phim Fast and Furious gắn liền với tên tuổi của ai?,Vin Diesel,Rihanna,Alan Rickman,Justin Bieber
470,Nam diễn viên Holllywood Will Smith sinh năm bao nhiêu?,1968,1970,1972,1974
471,Ai là đạo diễn bộ phim Fast and Furious 7?,James Wan,Vin Diesel,Paul Walker,Chris Morgan
472,Cô ca sĩ Selena Gomez là người nước nào?,Mỹ ,Anh,Pháp ,Úc
473, Tom Hanks là diễn viên người nước nào?,Mỹ,Nga,Canada,Ý
474,Tháp Eiffel nằm ở thành phố nào? ,Paris,Luôn Đôn,New York,Bangkok
475,Tháp Eiffel cao bao nhiêu mét?,325 mét,360 mét,400 mét,500 mét
476,"Tính đến năm 2016, tòa nhà cao nhất thế giới nằm ở đâu?",Ấn Độ ,Ai Cập,Mỹ,Trung Quốc
477,Tòa nhà cao nhất thế giới có tên là gì?,Kingdom Tower,Greenland Centre,The Pearl, Lotte World Tower
478,Tòa nhà cao nhất thế giới có độ cao bao nhiêu?,3281 Ft,3000 Ft,4000 Ft,4600 Ft
479,Thành phố nào được mệnh danh là thành phố nghìn cửa sổ?,Berat,Bắc Kinh, Paris,Luôn Đôn
480,Lễ hội đánh nhau bằng gối ở nước nào?,Rumani,Ai Cập,Việt Nam,Thái Lan
481,"Tính đến 2016, đâu là thành phố nhiều triệu phú nhất thế giới?",Monaco,New York,Paris,Luôn Đôn
482,Vùng núi Zhangye Danxia sặc sỡ đầy mầu sắc là ở đâu?,Trung Quốc,Mỹ ,Anh,Úc
483,Hố xanh vĩ đại là một hố sâu nằm dưới mặt biển ngoài khơi bờ biển nào?,Belize,Biển đen,Biển Balitc ,Biển đỏ
484,Đất nước nào luôn được mệnh danh là quê hương của hoa Tulip?,Hà Lan,Trung Quốc ,Nhật Bản,Việt Nam
485,"Hang Sơn Đoòng, nằm trong quần thể hang động nào?",Phong Nha-Kẻ Bàng,Động Hương tích,Tràng An,Động Thiên cung
486,Hang động băng Mendenhall là ở nước nào?,Mỹ ,Anh ,Ai Cập ,Nga
487,Thác nước Victoria nằm ở đâu?,Châu Phi,Châu Âu ,Châu Á,Châu Mỹ
488,Thác nước Victoria nằm giữa biên giới Zimbabwe và nước nào?,Zambia,Algeria,Angola,Congo
489,Bãi biển có bãi cát trắng nhất thế giới dài 7km nằm ở đâu?,Australia,Nga,Brazil,Nhật Bản
490,Bờ biển Whitehaven là một trong những địa điểm du lịch nỏi tiếng ở đâu?,Australia,Anh ,Brazil,Việt Nam
491,Hang động đom đóm ở đâu?,New Zealand,Nga,Anh,Ai Cập
492,Hồ đổi màu trên đỉnh núi Kelimutu ở quốc gia nào?,Indonesia,Trung Quốc ,Malaysia,Thái Lan
493,Công viên Hitachi Seaside là một trong những điểm du lịch “vàng” của đất nước nào?,Nhật Bản,Hàn Quốc,Mỹ,Hà Lan
494,Bức tượng một người đi du lịch ở Oviedo là ở nước nào?,Tây Ban Nha,Thái Lan ,Nhật Bản,Hàn Quốc
495,Sân bay Gisborne giao nhau với đường sắt là ở quốc gia nào?,New Zealand,Nga,Anh ,Mỹ
496,Sân bay Don Mueang với sân golf 18 lỗ nằm giữa 2 đường băng ở đâu?,Thái Lan, Úc ,Anh ,Mỹ
497,"Sân bay quốc tế Kansai, Nhật Bản được làm ở đâu?",Trên biển,Trên núi ,Trên đường ,Trên đồi
498,Du lịch ba lô hay còn được gọi là?,Du lịch bui,Du lịch mạo hiểm,Du lịch hội thảo,Du lịch làm ăn
499,Đâu được coi là biểu tượng của nước Anh?,Big Ben,Eiffel,Tháp nghiêng Pisa,Dãy núi Anpo
500, Hội các tổ chức du lịch chính thể viết tắt là gì?,UIOOPT,NASA,NATO,WTO
501,Ngày du lịch thế giới được tổ chức vào ngày nào?,27 tháng 9,27 tháng 10,27 tháng 11,27 tháng 12
502,Khóa họp lần thứ 12 của Tổ chức Du lịch Thế giới ở nước nào?,Thổ Nhĩ Kỳ ,Ai Cập,Việt Nam,Campuchia
503,Tổ chức du lịch thế giới viết tắt là gì?,UNWTO,WTO,WHO,UUWTO
504,Đâu là tạp chí du lịch hàng đầu thế giới?,Lonely Planet,Play Boys,Vogue,InStyle
505,Tượng thần Zeus ở Olympia là ở quốc gia nào?,Hy Lạp ,Nga ,Anh ,Úc
506,Ngọn hải đăng là kỳ quan cổ đại Alexandria là ở nước nào?,Ai Cập,Ấn Độ,Mỹ ,Pháp
507,Rạn san hô Great Barrier hùng vĩ và đẹp nhất thế giới ở nước nào?,Úc,Trung Quốc ,Mỹ,Việt Nam
508,Nước nào  là quốc gia nằm ở vị trí thấp nhất trên trái đất?,Maldives,Ai Cập,Ấn Độ ,Ý
509,Thung lũng các vị vua là ở quốc gia nào?,Ai Cập,Ấn Độ,Thái Lan ,Trung Quốc
510,Vườn treo Babylon ở quốc gia nào?,Iraq,Ý,Tây Ban Nha,Ấn Độ
511,Đền Artemis ở Thổ Nhĩ Kỳ được xây dựng bằng gì?,Đá cẩm thạch,Đá vôi,Đá ong,Bê tông
512,Petra thành phố cổ nổi tiếng với những cấu trúc bằng đá ở nước nào?,Jordan,Ý,Mỹ ,Anh
513,Machu Picchu một trong những tàn tích của nên văn minh Inca ở đâu?,Peru,Úc,Ai Cập ,Trung Quốc
514,Khu di tích Chichen Itza do nền văn minh Maya xây dựng nằm ở nước nào?,Mexico,Việt Nam,Úc,Anh
515,Bức tượng Chúa Cứu Thế ở Brazil được xây dựng ở thành phố nào?,Rio de Janeiro,Salvador,Porto Alegre,Osasco
516,Sân bay Courchevel nằm trên dãy núi Alps là ở quốc gia nào?,Pháp,Anh ,Úc,Mỹ
517,"Đây là một thành phổ nghỉ dưỡng, đánh bạc và ẩm thực nổi tiếng thế giới?",Las Vegas,Paris,Luôn Đôn,Hà Nội
518,Cố đô của nước Lào là thành phố nào?,Luang Prabang,Viêng Chăn,Attapeu, Champasack
519,Tôn giáo chính của Lào là tôn giáo gì?,Phật giáo Theravada,Nho giáo,Đạo giáo,Thiên chúa giáo
520,"Lào giáp biên với Thái Lan, Việt Nam, Trung Quốc và nước nào?",Campuchia,Philippines,Singapore,Malaysia
521,Trường đại học nào là lâu đời nhất ở vương quốc Anh?,Oxford,Plymouth,Swansea,Cambridge
522,Đền Angkor Wat tại thành phố nào ở Campuchia?,Siem Reap ,Phnôm Pênh,Kampot,Kampong Thom
523,Đài tưởng niệm tổng thống Mỹ Lincoln tại thành phố nào?,Washington,New York,California,Las Vegas
524,Duomo di Milano là nhà thờ theo kiến trúc Gô-tích lớn nhất ở nước nào?,Italia,Mỹ ,Anh,Pháp
525,Macao sử dụng ngôn ngữ tiếng trung và tiếng gì?,Tiếng Bồ Đào Nha,Tiếng Thái ,Tiếng Anh,Tiếng Việt
526,Vương Quốc Anh được mệnh danh là gì?,Xứ sở sương mù,Xứ sở bò tó,Kinh đô ánh sáng,Kinh đô điện ảnh
527,Bãi đá cổ Stonehenge ở nước nào?,Anh,Mỹ ,Nhật Bản,Úc
528,Bức tượng Nữ thần Tự Do ở Mỹ được đặt trên hòn đảo nào?,Liberty,Hawaii,Midway,Wake
529,Tên một cây cầu đã trở thành biểu tượng ở nước Anh?,Tower Bridge,Big Ben,Red Phone Box,Twice Bridge
530,Cầu cổng vàng là cây cầu ở đất nước nào?,Mỹ ,Anh ,Pháp ,Úc
531,Cầu cổng vàng được xây dựng ở vịnh nào?,San Francisco,Mexico,Chesapeake,Alaska
532,Đảo Vancouver xinh đẹp nằm ở quốc giao nào?,Canada,Nga,Anh,Pháp
533,"Thác Niagara nằm tại Bắc Mỹ, nằm ở đường biên giới của Hoa Kỳ và nước nào?",Canada,Anh ,Pháp ,Nga
534,Đâu là thành phố lâu đời nhất Canada?,Quebec,Ontario,Manitoba,Alberta
535,Cung điện nổi tiếng Buckingham ở đâu?,Vương quốc Anh,Pháp,Ý ,Tây Ban Nha
536,Cung điện nổi tiếng Buckingham dành cho nữ hoàng nào?,Elizabeth II,Elizabeth I,Elizabeth III,Elizabeth IV
537,Mauna Loa là ngọn núi lửa lớn nhất Trái Đất tính theo số lần phun và diện tích ở đâu?,Mỹ ,Ý,Nhật Bản,Úc
538,Thành phố nào ở Mỹ được mệnh danh là Hạt Đậu?,Chicago,Las Vegas,California,New York
539,Xứ sở bạch dương là mệnh danh của nước nào?,Nga,Anh ,Mỹ,Úc
540,Cây trinh nữ hay còn gọi là cây xấu hổ có nguồn gốc từ nước nào?,Brazil,Trung Quốc,Mỹ ,Anh
541,Con chàng hang sống ở đâu?,Biển,Đồi,Núi,Hồ
542,Loài cá lớn nhất trong phân bộ cá voi có răng?,Cá nhà táng,Cá mập trắng,Cá voi,Cá mái chèo
543,Động vật gặm nhấm lớn nhất thế giới?,Chuột lang nước,Chuột trù,Chuột chũi,Chuột nhắt
544,Cây ô lưu già nhất thế giới nằm ở đâu?,Hy Lạp,Mỹ,Anh,Pháp
545,"Trong các con vật sau, con nào chạy chậm nhất?",Ngựa,Báo,Thỏ,Linh dương Thomson
546,Cây nào sau đây là cây ăn côn trùng?,Cây nắp ấm,Cây sồi,Cây thông,Hoa loa kèn
547,Cây bao báp phát triển mạnh ở đâu?,Madagascar,Anh,Nga,Trung Quốc
548,Cây Tule là cây nổi tiếng nhất ở đâu?,Mexico,Malaysia,Trung Quốc,Úc
549,Người đầu tiên gây giống được nấm linh chi là người nước nào?,Nhật Bản,Hàn Quốc,Việt Nam,Philippines 
550,Lá phong là biểu tượng của nước nào?,Canada,Malaysia,Trung Quốc,Mỹ
551,Quang hợp là quá trình giúp tạo ra cái gì cho cây?,Chất hữu cơ,Carbon,Oxy,Nước
552,Khí được thải ra trong quá trình quang hợp?,Oxy,Carbon,Hidro,Nito
553,Loài cây huyết rồng là loại cây nổi tiếng ở quốc gia nào?,Yemen,Madagasca,Mexico,Trung Quốc
554,Loại cây huyết rồng là loài cây có nhựa màu gì?,Đỏ ,Hồng,Vàng,Xanh
555,Ếch Titicaca là loài ếch lớn chỉ có duy nhất ở hồ Titicaca ở đâu?,Nam Mỹ,Bắc Mỹ,Châu Phi,Canada
556,Cây sinh mệnh là một cái cây rất đặc biệt vì nó nằm giữa sa mạc nào?,Bahrain,Sahara,Kalahari,Gobi
557,Cua đỏ là loài đặc hữu tại quần đảo Cocos tại Ấn Độ Dương và đảo?,Christmas,Hawaii,Madagascar,Honshu
558,Tên khác của hoa Tulip là gì?,Uất kim hương,Uất kim tiền,Uất ức ,Uất kim thơm
559,Nói đến keo hao vàng hay hoa Mimosa là nói đến quốc gia nào?,Úc,Anh,Pháp,Mỹ
560,Bạch tuộc Wolfi trưởng thành chỉ nặng…?,1 gam,1 cân,1 yến,1 tạ
561,Loài vật nhỏ nhất trong nhóm linh trưởng?,Khỉ lùn Pygmy Marmoset,Tinh tinh,Khỉ ,Golila
562,Cây nắp ấm Attenborough chỉ sống ở núi Victoria ở nước nào?,Philippines,Malaysia,Trung Quốc,Mỹ
563,Loài nào sau đây không có dạ dày?,Cá ngựa,Cá sấu,Bò,Trâu
564,Khóm hoa nào có thể đạt chiều cao tới 3 mét?,Hoa xác thối,Hoa cúc,Hoa đồng tiền,Hoa huệ
565,Loài hoa Champion chỉ được tìm thấy ở đâu?,Vương quốc Anh,Mỹ,Pháp,Nga
566,Loài hoa Koki'o chỉ được tìm thấy ở?,Hawaii,Bangkok,New York,Luôn Dôn
567,Loài nào sau đây có nọc độc?,Rắn hổ mang,Rắn chuột,Trăn,Muỗi
568,Loài ếch phóng độc có nọc độc tiết ra từ đâu?,Da,Mũi,Phân,Mắt
569,Điều gì là sai khi nói về Sứa hộp Australia?,Sống ở nước ngọt,Có túi chứa độc,Còn gọi là sứa lửa,Sống ở đại dương
570,Hiện tượng nước biển trên bề mặt lạnh đi một cách dị thường gọi là?,La Nina,El Nino,Đóng băng,Hiệu ứng nhà kính
571,Tên quốc tế của cơn bão số 1 năm 2016 đi qua Việt Nam là gì?,Kujira,Kujan,Kuro,Nami
572,Hiện tượng nóng lên khác thường của nước biển tại vành đai xích đạo là...?,El-Nino,Et-Noni,Et-Nito,En-Nino
573,Tầng Ozon nằm ở độ cao khoảng bao nhiêu?,25 Km,500 M,2 Km,10 KM
574,Ô xi có công thức hóa học là gì?,O2,O,O1,O3
575,Những khí nào sau đây không phải là khí nhà kính?,O2,CO2,O3,CH4
576,"Tính đến năm 2016, mực nước biển toàn cầu vẫn đang...?",Tăng,Ổn định,Giảm,Giảm mạnh
577,Ủy ban Liên chính phủ về Biến đổi khí hậu viết tắt là gì?,UNFCCC,WTO,WHO,UNICEF
578,Nghị định thư Kyoto là nghị định liên quan đến vấn đề...?,Khí hậu,Văn hóa,Kinh tế,Chính trị
579,Trụ sở chính của Tổ chức bảo tồn thiên nhiên thế giới nằm ở...?,Thụy Sĩ,Nga,Anh,Mỹ
580,Sự chuyển dời vật lý lớp đất mặt do nhiều tác nhân khác nhau gọi là….?,Xói mòn,Bạc mầu,Sa mạc hóa,Sạt lở
581,Công ước Marpol 73/78 là công ước chống ô nhiễm….?,Biển,Đất,Không khí,Nước ngọt
582,Loại đất nào sau đây có hàm lượng chất dinh dưỡng cao nhất?,Đất phù xa,Đất đỏ ba dan,Đất bạc màu,Đất sỏi đỏ
583,Đâu không phải là nguyên nhân của lũ lụt?,Nắng lâu,Mưa nhiều,Sóng thần,Phá rừng
584,Hiện tượng thủy triều đỏ bùng phát do…?,Tảo đỏ,Đất đỏ ,Máu,Ánh sáng
585,"Trong tiếng Hêbrơ, biển Chết có nghĩa là…?",Biển muối,Biển mặn,Biển sâu,Biển đen
586,"Trước Washington, thành phố nào đã từng là thủ đô của Mỹ?",Philadelphia ,Los Angeles,New York ,Boston 
587,Con vật nào được nhắc đến trong câu Kiều sau: Dưới trăng ... đã gọi hè?,Quyên ,Công ,Ngôi ,Sáu 
588,Trong môn bóng chuyền mỗi bên ra sân với bao nhiêu cầu thủ,6,5,7,4
589,Chu Thụ Nhân là tên thật của nhà văn nào ?,Lỗ Tấn,Chu Lai ,Chu Tác Nhân ,Lỗ Thuỵ 
590,"Theo ngôn ngữ Tin học, trong hệ nhị phân thì 1 + 1 = ?",10,1,2,100
591,Những ngân phiếu đầu tiên trên thế giới được in ở đâu?,Thuỵ Điển ,Thuỵ Sĩ ,Trung Quốc ,Anh 
592,Cái nào ngăn cản sự thoát hơi nước của lá cây?,Chất cutin,Gân lá ,Diệp lục ,Lỗ khí 
593,Cầu thủ bóng đá nam xuất sắc nhất Tiger Cup 1998 là ai?,Nguyễn Hồng Sơn,Kiatisak,Bima Sakti,Natifon
594,Chim công thuộc bộ nào?,Bộ Gà ,Bộ Ngỗng ,Bô Chim Ưng ,Bộ Cú
595,Hình thoi có một góc vuông gọi là gì?,Hình vuông,Hình bình hành ,Hình thoi vuông ,Tứ giác đều 
596,Một bộ cờ vua có bao nhiêu loại quân?,6,5,7,8
597,Nguồn sáng nào sau đây không phát ra ánh sáng trắng?,Một đèn LED vàng ,Bóng đèn pin đang sáng ,Bóng đèn ống thông dụng ,Một ngôi sao 
598,Lê Hoàn đã chiến thắng quân xâm lược nào trên sông Bạch Đằng năm 981 ?,Quân Tống,Quân Nam Hán,Quân Bắc Hán,Quân Đường
599,Ngày duy nhất trong năm ở Nam Cực mà mặt trời xuất hiện 24 giờ?,Đông chí,Hạ chí,Xuân phân,Thu phân
600,"Để có ánh sáng màu hồng nhạt, phải trộn hai màu nào với nhau?",Đỏ với lam ,Đỏ với lục ,Đỏ với tím ,Đỏ với vàng 
601,Hào khí Đông A là tinh thần của triều đại nào?,Nhà Trần ,Nhà Lý ,Nhà Hồ ,Nhà Nguyễn 
602,Hai Đế quốc nào được nhắc đến trong bài thơ Con cáo và tổ ong của Hồ Chí Minh?,"Nhật, Pháp ","Pháp, Mỹ ","Nhật, Mỹ ","Pháp, Anh"
603,Sông Hồng đổ vào nước ta ở địa phận tỉnh nào đầu tiên?,Lào Cai ,Cao Bằng ,Điện Biên ,Sơn La 
604,Kilimanjaro là ngọn núi cao nhất châu lục nào?,Châu Phi ,Châu Á ,Châu Âu ,Châu Mỹ 
605,Quần đảo Hoàng Sa nằm ở phía nào của quần đảo Trường Sa?,Bắc,Tây ,Đông ,Nam 
606,Lê Hoàn đã chiến thắng quân xâm lược nào trên sông Bạch Đằng năm 981 ? ,Quân Tống ,Quân Nam Hán ,Quân Bắc Hán ,Quân Đường 
607,"Trong các kì quan thế giới cổ đại sau, kì quan nào không nằm ở châu Âu ?",Vườn treo Babylon ,Tượng thần Zeus,Đền thờ nữ thần Artemis ,Tượng thần trên đảo Rhodes
608,Ngọn núi cao nhất miền nam bộ?,Núi Bà Đen,Núi Đọ,Núi Ngũ Hành,Núi Ngọc Linh 
609,Đội bóng nào vô địch giải ngoại hạng anh mùa bóng 2010 -2011?,Manchester United,Arsenal,Livepool,Chelsea
610,Ngôn ngữ nào sau đây không phải là ngôn ngữ lập trình?,La-tinh,Java,C Sharp,C
611,Nước nào có nhiều múi giờ nhất?,Nga,Anh,Trung Quốc,Canada
612,Trong vật lý có nguyên tắc nào?,Nguyên tắc bình thông nhau,Nguyên tắc cổ chai,Nguyên tắc bình rỗng,Nguyên tắc bình phương
613,Đại lượng nào sau đây không phải là đại lượng vật lý?,Radian,Mô men,Lực,Động lượng
614,Từ nào sau đây theo tiếng Nghệ An nghĩa là làm?,Mần,Mi,Răng,Rứa
615,"Anh có nhiều hơn em 6 cái kẹo, tổng số kẹo của cả 2 anh em là 18. Hỏi người em có mấy cái?",6,7,9,12
616,Công thức hóa học của Toluen?,C7H8,C5H6,C6H7,C8H9
617,"Năm 1954, nước ta ký hiệp định nào với Pháp?",Giơ-ne-vơ,Paris,Washinton,London
618,"Trong chiến dịch Điện Biên Phủ năm 1954, người anh hùng nào đã lấy thân mình lấp lỗ châu mai?",Phan Đình Giót,Bế Văn Đàn,Phùng Văn Khầu ,Tô Vĩnh Diện 
619,Động cơ điện một chiều là động cơ làm biến đổi?,Điện năng thành cơ năng ,Cơ năng thành điện năng,Cơ năng thành nhiệt năng ,Điện năng thành nhiệt năng 
620,Sombrero là vật dụng truyền thống nào sau đây?,Mũ Mexico,Váy Ailen,Kiếm Tây Ban Nha,Giày Ấn Độ
621,Đội bóng nào được mệnh danh là Cỗ xe tăng?,Đức,Pháp,Hà Lan,Anh
622,"Trái đất, mặt trăng, mặt trời cùng năm trên 1 đường thẳng theo thứ tự gọi là gì?",Nhật thực,Nguyệt thực,Hoàng hôn ,Giao thừa
623,Lực hút ở mặt Trăng nhỏ gấp bao nhiêu lần Trái đất?,6,5,7,8
624,Kim loại nhiều nhất trong đất sét?,Nhôm ,Silic,Sắt ,Đồng 
625,"Con gì hai cánh, mà lại biết bơi, ngày xuống ao chơi, đêm về đẻ trứng?",Vịt,Gà,Bồ Câu,Chim Cú
626,"Trong các chất sau đây, ở điều kiện tiêu chuẩn, chất nào có nhiệt độ sôi cao nhất?",Thuỷ ngân ,Ête ,Rượu ,Nước 
627,"Xét về mục đích nói, câu văn: Tôi ngồi dựa vào thành đá và khe khẽ hát thuộc loại câu nào?",Câu trần thuật ,Câu nghi vấn ,Câu cầu khiến ,Câu cảm thán 
628,Chợ nổi ở vùng nào của nước ta?,Đồng bằng S.Cửu Long ,Tây Nguyên ,Bắc Trung Bộ ,Trung Bộ 
629,Quốc gia nào sau đây không thuộc Châu Phi?,Tây Ban Nha ,Madagascar,Nigeria,Niger
630,Ai là nhân vật quyền lực và có ảnh hưởng nhất của ngành công nghiệp điện ảnh?,Steven Spielberg,Peter Jackson,Walt Disney,Charles Spencer Chaplin
631,"Gặm một nỗi căm hờn trong cũi sắt, ta nằm dài trông ngày tháng dần qua là câu thơ được viết bởi?",Thế Lữ ,Trần Tế Xương ,Viễn Phương ,Chính Hữu 
632,Huyện Thanh Trì thuộc thành phố nào của nước ta?,Tp. Hà Nội ,Tp. Huế ,Tp. Đà Nẵng ,Tp. Vĩnh Long 
633,Huyện Hoa Lư trực thuộc tỉnh nào của nước ta?,Ninh Bình ,Nam Định ,Hà Nam ,Thanh Hoá 
634,Người ta đánh dấu biên giới biển bằng gì?,Phao số không ,Cột mốc ,Dãy núi ,Cây 
635,Hà Nội niềm tin và hy vọng là sáng tác của nhạc sĩ nào?,Phan Nhân ,Vũ Thanh ,Tôn Thất Lập ,Phan Huỳnh Điểu 
636,Nước ta có bao nhiêu tỉnh và thành phố giáp với Trung Quốc?,7,5,10,11
637,Đơn vị của công cơ học là?,N.m,Nm,Nm2,N.m2
638,"Trong các dụng cụ tiêu thụ điện như quạt, tủ lạnh, động cơ, người ta nâng cao hệ số công suất nhằm?",Giảm cường độ dòng điện ,Tăng cường độ dòng điện ,Tăng công suất toả nhiệt,Giảm công suất tiêu thụ
639,Hanbok là trang phục truyền thống ở đâu?,Hàn Quốc,Nhật Bản,Trung Quốc,Thái Lan
640,Đội bóng nào đoạt cúp vô địch World Cup năm 2010?,Tây Ban Nha,Brazil,Hà Lan,Argentina
641,"Mặt trời, trái đất, mặt trăng cùng nằm trên 1 đường thẳng theo thứ tự gọi là gì?",Nguyệt thực ,Nhật thực ,Giao thừa,Hoàng hôn 
642,Người giàu nhất thế giới 2006 - 2007 là ai?,Bill Gates ,Bush,Biladen,Nữ hoàng Elizabeth
643,"Bài hát một đời người, một rừng cây là nhạc sỹ nào?",Trần Long Ẩn,Trần Hoàn ,Hoàng Việt ,Phạm Mih Tuấn 
644,Nước nào sau đây không thuộc nhóm G7?,Australia ,Anh,Nhật ,Pháp 
645,Đơn vị đo lực là gì?,N ,Kg ,M,Nm3
646,"Từ nó trong câu “Nó dài dài, màu nâu, hay nheo lại như chổi nắng” là loại từ gì?",Chỉ từ ,Quan hệ từ ,Đại từ ,Tình thái từ
647,"Lúc Bác Hồ ở Hồng Kông, Bác lấy tên là gì?",Tống Văn Sơ ,Hồ Chí Minh ,Nguyễn Tất Thành ,Nguyễn Ái Quốc 
648,Quốc gia nào sau đây không thuộc Châu Phi?,Hy Lạp,Angola,Liberia,Somalia
649,Sea Games 22 được tổ chức ở Việt Nam có bao nhiêu môn thi đấu?,38 môn,28 môn ,32 môn ,34 môn 
650,Bản trường ca Đẻ đất đẻ nước là của dân tộc nào?,Êđê,Hmông ,Chăm ,Mường 
651,Thành Phố Uông Bí trực thuộc tỉnh nào của nước ta?,Quảng Ninh ,Hải Phòng ,Hải Dương ,Bắc Giang 
652,Thị xã Hồng Lĩnh trực thuộc tỉnh nào của nước ta?,Hà Tĩnh ,Nghệ An ,Hà Nội,Ninh Bình 
653,Sóng dừng là một trường hợp của hiện tượng gì?,Giao thoa sóng ,Cộng hưởng ,Triệt tiêu ,Tăng dần 
654,Một cõi đi về là sáng tác của nhạc sĩ nào?,Trịnh Công Sơn ,Văn Cao ,Phan Huỳnh Điểu ,Hoàng Hiệp 
655,"Tỉnh nào nằm ở ngã ba biên giới Lào, Campuchia và Việt Nam?",Kon Tum ,Đắc Lắc ,Đắc Nông ,Gia Lai 
656,"Càng lên cao, áp suất khí quyển sẽ như thế nào?",Càng giảm ,Càng tăng ,Không thay đổi,Tăng dần rồi giảm
657,Sóng điện từ là sóng gì?,Ngang,Dừng ,Dọc ,Vừa ngang vừa dọc 
658,Tác phẩm Chí Phèo của Nam Cao được đổi tên mấy lần?,3,2,4,5
659,Nhà thơ Nguyễn Đình Chiểu bị dị tật gì?,Mù ,Điếc ,Thần Kinh ,Câm 
660,Quang Dũng tác giả bài thơ Tây Tiến tên thật là gì?,Bùi Đình Diệm ,Nguyễn Quang Dũng ,Trần Nhật Tân ,Ngô Thì Nhậm 
661,Lễ hội Canaval là lễ hội nổi tiếng ở quốc gia nào?,Brazil ,Mexico ,Argentina ,Chile 
662,Đơn vị khối lượng riêng là gì?,Kg/m3,N/m ,N/m3,Kg/m2
663,Từ nào dưới đây là từ tượng thanh?,Khe khẽ ,Kiêu hãnh ,Xa xăm ,Lộn xộn 
664,"Khi hoạt động ở Thái Lan, Bác Hồ lấy tên là gì?",Thầu Chín,Tống Văn Sơ ,Hồ Chí Minh ,Nguyễn Ái Quốc 
665,Sân vận động quốc gia Mỹ Đình có sức chứa bao nhiêu?,40 nghìn người ,30 nghìn người ,50 nghìn người ,60 nghìn người 
666,Quốc gia nào sau đây không thuộc châu Á?,New Zealand ,Iran ,Iraq,Qatar
667,"Cho đến năm 2010, thứ hạng cao nhất của đoàn Việt Nam qua các kỳ  Sea Games là hạng mấy?",Nhất ,Nhì ,Ba ,Tư 
668,Huyện Cô Tô thuộc tỉnh nào của nước ta?,Quảng Ninh ,Hải Phòng ,Hải Dương ,Bắc Giang 
669,Thành Phố Hội An trực thuộc tỉnh nào của nước ta?,Quảng Nam ,Quảng Trị ,Quảng Bình ,Quảng Ninh 
670,Đường nối các điểm cùng độ cao trên bản đồ gọi là gì?,Đường đồng mức ,Đường xích đạo ,Vĩ tuyến ,Kinh độ 
671,Như có Bác Hồ trong ngày vui đại thắng là sáng tác của nhạc sĩ nào?,Phạm Tuyên ,Phan Huỳnh Điểu,Huỳnh Thơ ,Trịnh Công Sơn  
672,Ánh sáng trắng chiếu qua một môi trường bị môi trường đó hấp thụ một số bức xạ tạo ra quang phổ như thế nào?,Hấp thụ ,Liên tục ,Đám ,Vạch 
673,"Khi cho một dòng điện xoay chiều chạy trong một dây dẫn thằng bằng kim loại, xung quanh dây dẫn sẽ có?",Điện từ trường ,Trường hấp dẫn,Từ trường ,Điện trường 
674,Loại đất có diện tích lớn nhất đồng bằng sông Cửu Long?,Đất phèn,Đất đầm lầy,Đất mặn ,Đất phù sa
675,Virus gây bệnh cúm gà rất nguy hiểm cho tính mạng con người?,AH5N1,H5N2,H1N5,SARS
676,Địa danh nào sau đây không được nhắc đến trong bài thơ Tây Tiến của quang dũng?, Lát Hoa,Sài Khao,Châu Mộc,Pha luông
677,"Trong các chất sau đây, chất nào có nhiệt độ nóng chảy cao nhất?",Graphit,Đồng,Sắt,Vàng
678,Đơn vị đo trọng lực là gì?,N ,N.m ,N.m2,N.m3
679,Câu thơ “mà sao nghe nhói ở trong tim” thuộc loại câu nào?,Câu cảm thán ,Câu trần thuật ,Câu nghi vẫn ,Câu cầu khiến 
680,Châu lục nào có lượng mưa ít nhất thế giới?,Châu Nam Cực ,Châu Đại Dương ,Châu Âu,Châu Phi 
681,Con vật nào sau đây lần đầu tiên cùng con người bay vào vũ trụ?,Chó ,Mèo ,Chuột ,Nhím 
682,Quốc gia nào sau đây không thuộc châu Á?,Thổ Nhĩ Kì ,Banglades ,Oman,Mông Cổ 
683,"Tên khu du lịch Tứ linh nổi tiếng ở Quận 9, thành phố Hồ Chí Minh?",Suối Tiên ,Đầm Sen ,Kỳ Hoà ,Thác Bà 
684,Arron Carter là em trai của thành viên trong nhóm nhạc nào?,Backstreet Boys,N sync,Westlife,Five 
685,Huyện Vân Đồn thuộc tỉnh nào của nước ta?,Quảng Ninh ,Hải Phòng ,Thái Bình ,Hải Dương 
686,Thành Phố Cam Ranh trực thuộc tỉnh nào của nước ta?,Khánh Hoà ,Phú Yên ,Bình Định ,Lâm Đồng 
687,Thành phần chính của đá vôi?,CaCO3,CaO ,CaAlO2,CaMgO2
688,Tiền giấy Việt Nam mệnh giá 100 đồng được phát hành vào năm nào?,1992,1991,1993,1994
689,Bề mặt địa hình hiện tại của nước ta được quyết định bởi vận động tạo núi nào?,Himalaya,Caledoni ,Hecxini ,Indonesia 
690,Màu phụ nhau là màu khi trộn vào nhau sẽ tạo thành màu gì?,Màu trắng ,Màu đỏ ,Màu vàng ,Màu lam nhạt 
691,"Trong công nghiệp, để làm mau khô lớp sơn ngoài người ta sử dụng tác dụng nhiệt của tia gì?",Tia hồng ngoại ,Tia Rơnghen,Tia tử ngoại ,Tia phóng xạ 
692,Trong khoa học máy tính ALU là bộ phận xử lý nào sau đây?,Logic và số học,Hình ảnh,Âm thanh,Tín hiệu internet
693,Quốc gia nào được xem là quê hương của ông già Noel?,Phần Lan,Hà Lan,Nauy,Đan Mạch
694,Thuỵ Điển nổi tiếng ở thể loại nhạc nào?,Jazz,Dance,Pop,Cổ điển
695,"Theo thần thoại Trung Hoa, vị thần cai quản biển, sông gọi là gì?",Long vương ,Thuỷ vương ,Hải vương ,Hà vương 
696,Ngôi sao bóng đá David Beckham lần đầu tiên sang Việt Nam năm nào?,2003,2002,2004,2001
697,Loại mưa nào sau đây được hình thành từ những trận mưa trong không khí?,Mưa tuyết ,Mưa phùn ,Mưa đá,Mưa rào 
698,Đơn vị đo trọng lượng riêng là gì?,N/m3,N/m2,N.m3,Kg/m3
699,"Chỉ có một châu lục mang tên của một nhà thám hiểm hàng hải nổi tiếng, đó là châu lục nào?",Châu Mỹ ,Châu Âu ,Châu Á ,Châu Phi 
700,Sông Nil chảy ra biển nào?,Địa Trung Hải ,Biển Chết ,Biển Đen,Thái Bình Dương
701,"Gió heo may là gió hơi lạnh và khô, thường thổi vào mùa nào trong năm?",Thu ,Xuân ,Hạ ,Đông 
702,Quốc gia nào sau đây không thuộc châu Mỹ?,Bờ Biển Ngà ,Brazil ,Argentina ,Cuba 
703,Quả bom nguyên tử đầu tiên được thả xuống thành phố nào?,Hiroshima ,Nagasaki ,Tokyo ,Osaka 
704,Tác giả của tác phẩm Bố già là ai?,Mario Puzzo,J.K. Rowling,Mac Helen,Margeret Thetcher
705,Huyện Yên Hưng thuộc tỉnh nào của nước ta?,Quảng Ninh ,Hải Phòng ,Thái Bình ,Bắc Giang 
706,Thành Phố Thủ Dầu Một trực thuộc tỉnh nào của nước ta?,Bình Dương ,Bình Phước ,Lâm Đồng ,Đồng Nai 
707,Lỗ thủng tầng Ozon lần đầu tiên được tìm thấy tại đâu?,Nam Cực ,Mỹ ,Bắc Cực ,Anh 
708,Tiền giấy Việt Nam mệnh giá 10.000 đồng chất liệu cotton được phát hành vào năm nào?,1994,1995,1996,1997
709,Chế độ thuỷ triều của vịnh Bắc Bộ thuộc loại gì?,Nhật triều đều ,Nhật triều không đều ,Bán nhật triều đều ,Bán nhật triều đều 
710,"Một thấu kính có mặt lồi bán kính 20cm, mặt lõm bán kính h 30cm. Đó là thấu kính gì?",Rìa mỏng,Hội tụ ,Phân kỳ ,Rìa dày 
711,Tia có khả năng chữa ung thư ở gần da người là tia gì?,Tia Rơnghen tia X,Tia hồng ngoại ,Tia tử ngoại ,Tia âm cực
712,Chùa vàng Shwedagon là một công trình kiến trúc độc đáo của quốc gia nào?,Myanmar,Philipines,Campuchia,Singapore
713,Đông Nam Á hiện tại có bao nhiêu quốc gia?,11,9,10,12
714,Bản tuyên ngôn Bác Hồ đọc ở Ba Đình là bản Tuyên ngôn thứ mấy của dân tộc ta?,3,1,2,4
715,"Trong thần thoại Hy Lạp, cái gì đã được nữ thần bất hòa gửi tới 3 nữ thần khác?",Quả táo vàng,Quả nho ,Quả bưởi ,Quả Ôliu
716,Ag là ký hiệu hoá học của nguyên tố nào?,Bạc ,Thuỷ ngân ,Natri ,Đồng 
717,Ngành công nghiệp sản xuất thuỷ tinh gọi là gì?,Công nghiệp Silicat,Công nghiệp Nitorat,Công nghiệp Cacbonat ,Công nghiệp Nano 
718,1 lít bằng giá trị nào dưới đây?,1 dm3,1 m3,1 cm3,1 mm3
719,Sài Lang dùng để chỉ tên con vật nào?,Chó sói,Hải cẩu ,Hà mã,Hổ 
720,Tỉnh Đắc Nông được ra đời từ tỉnh nào dưới đây?,Đắc Lắc ,Kontum ,Gia Lai ,Lâm Đồng 
721,Nữ Hoàng là tên của con sông nào ở Việt Nam?,Sông Hồng ,Sông Đà ,Sông Thao ,Sông Thu Bồn 
722,Quốc gia nào sau đây không thuộc châu Mỹ?,Nam Tư ,Venezuela ,Bolivia ,Paraguay 
723,Tượng Nữ thần Tự do nằm ở đâu?,New York,Washington,San Jose,Chicago
724,Thị xã Cam Đường thuộc tỉnh nào của nước ta?,Lào Cai ,Hà Giang ,Yên Bái ,Sơn La 
725,Huyện Chương Mỹ trực thuộc tỉnh nào của nước ta?,Hà Nội,Hà Nam ,Hưng Yên ,Vĩnh Phúc 
726,Thành Phố Bà Rịa trực thuộc tỉnh nào của nước ta?,Bà Rịa - Vũng Tàu ,Đồng Nai ,Bình Thuận ,Long An 
727,Bạn hãy cho biết quốc gia nào được mệnh danh là Đất nước của những người đi xe đạp?,Đan Mạch ,Đức ,Anh ,Bồ Đào Nha 
728,Tiền giấy Việt Nam mệnh giá 10.000 đồng polymer được phát hành vào năm nào?,2006,2002,2003,2005
729,Vùng khí hậu cực và cận cực có những loại cây sinh sống được là?,Rêu và địa y ,Thông và rêu ,Cây bụi và thông ,Rêu và dương xỉ 
730,Cáp quang làm bằng gì?,Thuỷ tinh ,Kim loại ,Polimer,Hợp kim 
731,Màu sắc ánh sáng phụ thuộc vào yếu tố nào?,Tần số,Bước sóng,Môi trường truyền sóng ,Cường độ chùm sáng
732,Quốc gia Mỹ Latinh nào có hình dáng giống một chú cá sấu?,Cuba,Brasil,Nicaragua,Venezuela
733,Bạch Tuyết và 7 chú lùn là một truyện cổ tích của quốc gia nào?,Đan Mạch,Thuỵ Điển,Đức,Hà Lan
734,Quốc gia nào được mệnh danh là đất nước Triệu Voi?,Lào ,Thái Lan ,Campuchia,Myanmar
735,Cầu thủ nào xuất sắc nhất thế kỷ 20?,Maradona  Pele,Pele,Maradona,Pele và 1 cầu thủ khác 
736,Hg là ký hiệu hoá học của nguyên tố nào?,Thuỷ ngân ,Bạc ,Thiếc ,Kali 
737,Hoàng đế nào sống lâu nhất ở Trung Quốc?,Càn Long ,Tần Thuỷ Hoàng ,Khang Hy ,Phổ Nghi 
738,Trường hợp nào dưới đây liên quan đến sự đông đặc?,Ngọn nến vừa tắt ,Ngọn nến đang cháy ,Nước đá ngoài nắng ,Đèn dầu đang cháy 
739,Ở Nam Cực có bao nhiêu loài gấu trắng?,0 có loài nào ,1 loài ,2 loài ,3 loài 
740,Môn Yoga có nguồn gốc từ quốc gia nào?,Ấn Độ ,Nepan ,Banglades ,Pakistan 
741,Lạc đà 2 bướu sống ở châu lục nào?,Châu Á ,Châu Âu ,Châu Phi ,Châu Mỹ 
742,Quốc gia nào sau đây không thuộc châu Mỹ?,Đan Mạch,Hoa Kỳ ,Canada ,Mexico 
743,Con tem được phát minh và sử dụng lần đầu ở quốc gia nào?,Anh ,Pháp,Đức ,Nga 
744,Thị xã Nghĩa Lộ thuộc tỉnh nào của nước ta?,Yên Bái ,Sơn La ,Phú Thọ ,Tuyên Quang 
745,Huyện Mai Châu trực thuộc tỉnh nào của nước ta?,Hoà Bình ,Vĩnh Phúc,Ninh Bình ,Phú Thọ 
746,"Tính đến thời điểm năm 2010, cầu Donghai là chiếc cầu dài nhất thế giới. Nó thuộc quốc gia nào?",Trung Quốc ,Hoa Kỳ ,Canada ,Malaysia 
747,"Trong vật lý, bầu đàn Guitar được gọi là gì?",Hộp cộng hưởng ,Hộp âm ,Hộp dao động ,Cộng hưởng 
748,Thác Bản Dốc thuộc tỉnh nào của nước ta?,Cao Bằng ,Lạng Sơn ,Sơn La ,Lai Châu 
749,"Theo cách tính giờ trong âm lịch, giờ Dậu nằm trong khoảng nào?",17 - 19 giờ,13 - 15 giờ,11 - 13 giờ,15 - 17 giờ
750,Trong dụng cụ nào dưới đây có cả một máy phát và máy thu sóng vô tuyến?,Chiếc điện thoại di động,Máy thu thanh ,Máy thu hình ,Bộ điều khiển Tivi
751,Điều nào thể hiện rõ nhất tính chất sóng của ánh sáng?,Sự tán sắc ánh sáng,Khả năng đâm xuyên ,Tác dụng quang điện ,Tác dụng phát quang 
752,Việt Nam có bao nhiêu thành phố trực thuộc trung ương?,5,2,3,4
753,Pleiku là thành phố trực thuộc tỉnh nào?,Gia Lai,Kontum,Đắc Lắc,Lâm Đông
754,Quốc gia nào có dân số theo đạo Hồi nhiều nhất thế giới?,Indonesia,Ấn Độ ,Iraq,Iran
755,Tên gọi khác của tia X-quang?,Tia Rơnghen,Tia tử ngoại ,Tia Hồng ngoại ,Tia Gamma
756,Người được nhân dân đặt biệt hiệu là chúa chổm?,Lê Trang Tông ,Trần Phế Đế,Đồng Khánh ,Lý Huệ Tông
757,Ngôn ngữ nào là ngôn ngữ lập trình đầu tiên?,Fortran ,Pascal ,C,Basic
758,Nước đựng trong cốc bay hơi càng nhanh khi nước trong cốc ?,Càng nóng ,Càng nhiều ,Càng ít ,Càng lạnh 
759,Ở Bắc Cực có bao nhiêu loài chim cánh cụt?,Không có loài nào,1 loài,2 loài ,3 loài 
760,"Trong cờ Carô, hai bên đi tối thiểu bao nhiêu nước cờ thì cuộc chơi phân thắng bại?",7,6,5,8
761,Loại đa giác lồi duy nhất có số cạnh bằng số đường chéo là gì?,Ngũ giác ,Tứ giác ,Tam giác ,Lục giác 
762,Karaoke là phát minh của nước nào?,Nhật Bản ,Trung Quốc ,Mỹ ,Singapore 
763,0 độ C bằng bao nhiêu độ F?,32,24,26,36
764,Thị xã Sông Công thuộc tỉnh nào của nước ta?,Thái Nguyên ,Vĩnh Phúc ,Bắc Giang ,Lạng Sơn 
765,Thành Phố Phủ Lý trực thuộc tỉnh nào của nước ta?,Hà Nam ,Hoà Bình ,Thái Bình ,Bắc Giang 
766,Quốc gia nào có diện tích đứng thứ 5 trên thế giới?,Hoa Kỳ ,Trung Quốc ,Ấn Độ ,Brazil 
767,Đường trống nằm ngang giữa bàn cờ tướng gọi là gì?,Sông ,Ranh giới ,Khoảng cách ,Địa giới 
768,"Khi chuyển động trên quỹ đạo, trục trái đất nghiêng không đổi hướng so với mặt phẳng 1 góc là?",66 độ 33 ,36 độ 36,33 độ 66 ,63 độ 26 
769,Địa hình chính của Campuchia là?,Đồng bằng và cao nguyên ,Núi và đồng bằng ,Đồng bằng ,Núi và cao nguyên 
770,"Trong thang sóng điện từ, vùng có bước sóng lớn nhất là vùng nào?",Vùng sóng vô tuyến điện ,Vùng Rơnghen ,Vùng khả biến ,Vùng Gamma
771,Khi dùng kính lúp để quan sát một vật nhỏ thì ta phải đặt vật cách thấu kính một khoảng bao nhiêu?,Nhỏ hơn f,Nhỏ hơn 2f,Khoảng giữa f và 2f,Bằng f
772,Dân số Việt Nam tính đến thời điểm 2010 là?,Hơn 80 triệu dân,75 triệu dân,70 triệu dân,Khoảng 60 triệu dân
773,Buôn Mê Thuột là thành phố trực thuộc tỉnh nào?,Đắc Lắc,Kontum,Gialai,Lâm Đồng
774,Nhà thơ Lí Bạch được mệnh danh là gì?,Tiên thơ ,Thánh thơ ,Thần thơ ,Không có mệnh danh 
775,Lá cờ Hội chữ thập đỏ quốc tế giống quốc kỳ của quốc gia nào nhất?,Thuỵ Sĩ ,Đan Mạch ,Anh,Nepal
776,Firefox là tên gọi của cái gì trong giới công nghệ thông tin?,Trình duyệt web,Game ,Ngôn ngữ lập trình ,Máy in 
777,Vương quốc Ba Tư ngày xưa là quốc gia nào ngày nay?,Iraq,Iran ,Kuwait ,Qatar
778,Tốc độ bay hơi của chất lỏng phụ thuộc vào yếu tố nào?,Nhiệt độ ,Ngày,Thời điểm,Giờ giấc
779,Ở Nam Cực có bao nhiêu loài voi biển?,Không có loài nào ,1 loài ,2 loài ,3 loài 
780,"Trong cờ Caro, bên nào đi trước tối đa bao nhiêu nước cờ trên cùng hàng thì sẽ thắng cuộc?",4,3,5,6
781,Sông Mêkông chảy vào lãnh thổ Việt nam và ra biển theo bao nhiêu nhánh chính?,9,7,8,10
782,Giải Abel là giải thưởng trao hàng năm cho những nhà?,Toán học ,Thiên văn học ,Lịch sử ,Địa lý
783,Nhà du hành vũ trụ đầu tiên đặt chân lên mặt trăng là ai?,Neil Armstrong,Edwin Aldrin,Phạm Tuân ,Galile 
784,Huyện Mê Linh thuộc tỉnh nào của nước ta?,Hà Nội,Tuyên Quang ,Phú Thọ ,Hà Nam 
785,Huyện Thanh Liêm trực thuộc tỉnh nào của nước ta?,Hà Nam ,Hoà Bình ,Ninh Bình ,Thanh Hoá 
786,Ac là ký hiệu hoá học của nguyên tố nào sau đây?,Aktinium,Americium,Antimon,Argo
787,Rafael Nadal là tay vợt nổi tiếng của nước nào?,Tây Ban Nha ,Anh ,Mỹ ,Bồ Đào Nha 
788,Cùng một lúc Trái Đất tham gia mấy chuyển động?,2,1,3,4
789,Phương pháp chủ yếu được sử dụng để tạo ưu thế lai là?,Lai khác dòng ,Lai khác loài ,Lai khác thứ ,Lai cải tiến 
790,Lực tác dụng làm quay động cơ điện là gì?,Lực từ ,Lực đàn hồi ,Lực điện từ ,Trọng lực 
791,Sợi quang học là ứng dụng của hiện tượng gì?,Phản xạ toàn phần ,Tán sắc,Khúc xạ ,Phản xạ 
792,Cầu Mỹ Thuận là cây cầu dây văng hiện đại thứ nhì ?,Đông Nam Á,Việt Nam,Châu Á,Đông Á
793,Kim loại nào tác dụng với nước tạo ra Hidro?,Na,Cu,Sn,Ag 
794,Đỗ Phủ được mệnh danh là gì?,Thánh thơ ,Thần thơ ,Tiên thơ ,Phật thơ
795,Loài hoa nào là biểu tượng của Singapore?,Hoa phong lan ,Hoa huệ ,Hoa hướng dương ,Hoa hồng 
796,Opera là tên gọi của cái gì trong giới công nghệ thông tin?,Trình duyệt web ,Game,Ngôn ngữ lập trình ,Máy in 
797,Tỉnh nào sau đây không giáp biển?,Gia Lai ,Khánh Hoà ,Quảng Trị ,Cà Mau 
798,Trường hợp nào sau đây liên quan đến sự ngưng tụ?,Sương đọng trên lá ,Nước trong cốc cạn dần ,Phơi quần áo cho khô ,Sự tạo thành hơi nước 
799,"Năm 1947, quân dân ta đã bắn cháy tàu chiến Pháp trên sông nào?",Sông Lô ,Sông Đà ,Sông Hồng ,Sông Thu Bồn 